,air_pressure_9am,air_temp_9am,avg_wind_direction_9am,avg_wind_speed_9am,max_wind_direction_9am,max_wind_speed_9am,rain_accumulation_9am,rain_duration_9am,relative_humidity_9am,relative_humidity_3pm
0,921.551868001,67.6198391467,197.965342377,4.02604764663,210.834657623,4.90207530524,1.02058661978e-14,0.0,13.4828402239,14.8619568259
1,923.1,75.596,178.3,1.4092722,205.2,1.8566602,3.06954461848e-13,0.0,11.88,19.81
2,914.97,73.688,188.2,2.2593094,186.6,3.0646078,0.0,0.0,40.98,54.09
3,916.61,72.338,192.1,1.8342908,232.4,2.572481,0.0,0.0,53.09,53.63
4,919.85,77.36,235.2,1.8790296,222.8,2.5053728,0.0,0.0,43.76,35.45
5,914.156354736,,187.573239523,2.35435374477,172.718705931,3.13481935223,0.0,0.0,14.562560743,23.6515581026
6,917.18,62.834,186.3,3.2211936,197.7,4.026492,0.0,0.0,36.63,54.89
7,917.3,75.11,192.1,3.9817532,204.5,4.8988986,0.0,0.0,52.21,36.3
8,919.3,39.956,192.1,1.4092722,108.7,2.1922012,0.0,0.0,83.81,69.74
9,919.916381156,77.5773002357,185.941444706,4.37254968339,193.146186436,5.13110298817,0.0,0.0,9.85300848385,8.95312248404
10,917.09,55.274,198.3,6.0173686,207.4,6.9568834,0.0,0.0,78.2,66.26
11,919.27,50.054,37.8,2.9303914,63.9,3.9593838,0.0,0.0,70.76,62.58
12,916.47,66.092,65.1,2.572481,83.1,3.3777794,0.0,0.0,89.08,88.96
13,918.48,66.542,90.9,3.467257,89.4,4.4067718,0.0,0.0,20.64,14.35
14,918.66,57.272,286.3,3.9370144,312.2,5.480503,0.0,0.0,46.56,43.99
15,917.12,57.398,136.7,1.4987498,100.2,2.125093,0.0,0.0,51.03,41.11
16,915.5,61.664,191.6,5.9949992,202.8,7.2924244,0.0,0.0,20.38,34.76
17,920.41,65.984,50.1,21.5193628,62.2,25.5458548,0.0,0.0,12.29,7.52
18,914.4,79.916,174.4,3.9370144,190.8,4.8988986,0.0,0.0,25.39,31.6
19,916.26,79.772,185.7,3.5119958,201.5,4.1607084,0.0,0.0,27.68,20.4
20,922.41,54.626,267.1,2.9751302,296.8,3.9593838,0.0,0.0,90.91,89.41
21,919.41,78.314,183.7,3.7580592,42.7,5.3910254,0.0,0.0,29.71,23.11
22,921.297330554,58.6118014148,48.367954807,12.9052951615,61.9044589475,15.6212887504,0.0,0.0,17.1287336141,15.2973008281
23,920.326714083,62.6429974385,169.120383277,2.47700410844,193.168952111,3.26581484288,3.11168080267e-14,0.0,10.8926398767,17.4933384694
24,916.98,56.084,,4.8541598,194.6,5.5476112,,0.0,73.23,52.36
25,923.21,43.862,264.5,1.2526864,203.3,1.9685072,2.27373675443e-14,0.0,85.0,84.47
26,919.637040561,69.577235248,150.090858045,2.8161085436,232.180296396,5.10135737337,2.53268028739e-15,0.0,13.0442995431,9.15731670206
27,915.22,73.292,148.3,1.789552,198.5,2.908022,0.0,0.0,41.4,56.93
28,913.59,51.818,176.5,6.3305402,183.1,7.381902,0.0,0.0,81.58,60.5
29,919.19,73.904,68.8,3.1988242,103.8,4.4515106,0.0,0.0,11.49,17.82
30,915.44,64.598,174.3,3.914645,186.2,4.7199434,0.0,0.0,54.62,52.74
31,916.507384627,83.1003346266,145.543114635,1.974702848,81.3384626778,2.73595122147,0.0,0.0,23.9101661737,19.2635361373
32,915.87,76.55,224.5,2.1698318,215.8,2.908022,0.0,0.0,38.72,44.85
33,921.5,62.996,74.6,5.2791784,90.3,6.4200178,0.0,0.0,11.96,12.75
34,917.764232512,75.1292436766,178.482623051,3.48869163631,191.941663211,4.1676959389,0.0,0.0,12.2276458574,11.3672631498
35,915.035930663,76.0757119355,179.813764935,3.97583874845,,4.8489914848,0.0,0.0,22.1750324337,22.8882720956
36,920.415991573,75.3308800432,40.2,2.86653612777,64.2088398792,3.82235568124,0.0,0.0,16.2421427276,16.0724574125
37,926.5,71.114,52.8,12.1018454,68.6,14.8085428,4.54747350886e-14,0.0,13.94,12.48
38,912.66,71.204,174.7,2.6172198,191.4,3.2883018,0.0,0.0,44.06,49.67
39,917.4,62.402,179.5,5.3910254,202.3,7.1134692,0.0,0.0,37.9,53.97
40,922.1,54.14,85.0,1.4316416,94.8,1.901399,0.0,0.0,90.84,88.99
41,915.01,55.85,171.1,2.8409138,194.2,3.6014734,0.0,0.0,62.95,58.74
42,924.67,59.918,163.2,1.7448132,165.6,2.6619586,0.0,0.0,9.9,12.73
43,918.1,61.988,191.1,11.0504836,199.4,12.7281886,0.0,0.0,19.24,28.51
44,913.5,56.336,221.9,2.2145706,254.4,2.9527608,0.0,0.0,74.33,62.03
45,920.736707812,74.1296372228,199.221130638,4.97062513569,212.773701036,6.03962953873,0.0,0.0,11.5408854528,11.7875960175
46,917.708851363,74.6214992162,142.467523647,2.76788977719,39.0133050589,4.05180096097,,0.0,24.6776370991,18.8433474706
47,917.54,71.384,219.5,2.1698318,202.4,2.7066974,0.0,0.0,75.48,78.28
48,915.6,56.282,178.3,3.1988242,201.7,4.1607084,0.0,0.0,89.95,71.89
49,926.77,65.696,47.7,9.9096442,65.6,12.7281886,0.0,0.0,11.4,9.34
50,918.258834391,77.3485813785,128.017238371,1.52386589077,66.3437404297,2.03729909224,1.91804623466e-14,0.0,14.5070275278,19.5004336892
51,920.412865494,58.6540706969,79.5234966983,5.36787826607,93.3730549862,7.27005818322,0.0,0.0,13.9855728027,13.1828711862
52,915.1,46.544,266.4,6.2858014,290.5,8.5674802,0.0,0.0,90.9,82.95
53,915.93,68.198,186.7,2.0803542,171.9,2.6172198,0.0,0.0,48.84,55.52
54,921.24,71.78,216.4,1.6105968,171.4,2.572481,0.0,0.0,16.83,24.38
55,921.432801316,66.4115572277,198.532801316,4.54025341781,207.790145705,5.52743578239,0.0,0.0,11.3704602824,14.9593569466
56,922.18,70.106,62.1,3.6238428,72.9,4.0488614,0.0,0.0,16.12,22.85
57,915.63,51.998,205.7,7.9187676,214.5,9.2385622,2.27373675443e-14,0.0,88.98,90.95
58,923.12,68.27,227.0,2.4830034,253.4,3.2883018,0.0,0.0,10.02,12.05
59,915.15,84.236,203.6,1.11847,212.6,1.8342908,0.0,0.0,35.47,31.64
60,921.17,69.548,37.1,2.348787,65.1,3.3330406,0.0,0.0,18.97,17.79
61,919.920866594,76.1808804294,57.8198627508,9.39163570348,76.6243672803,11.827136519,0.0,0.0,14.4487345605,14.9612569307
62,922.473299208,71.1902465839,226.289750575,2.26559066801,252.54022438,3.02071689909,0.0,0.0,24.0380807601,14.9994041919
63,914.8,71.294,69.1,2.0803542,61.5,2.908022,0.0,0.0,24.38,25.97
64,914.0,66.65,173.8,8.3661556,181.0,9.4398868,0.0,0.0,30.92,47.34
65,920.35,46.868,181.3,7.4266408,193.7,9.2385622,0.0,0.0,91.24,90.67
66,921.440877302,62.8775559379,65.0398112337,9.05988043635,80.4388674023,11.5589747157,0.0,0.0,16.6349775575,18.3203775326
67,920.65,51.818,34.9,10.0214912,60.9,13.8019198,0.0,0.0,39.95,13.65
68,914.5,70.142,183.8,2.348787,205.7,3.019869,0.0,0.0,29.35,33.82
69,919.5,79.862,97.7,1.4763804,144.4,2.23694,0.0,0.0,8.48,7.42
70,922.059845252,56.6604643643,48.3856941885,12.0492060164,64.8628048901,15.3700232057,0.0,0.0,15.1975186748,22.4228752303
71,917.9,51.386,219.0,5.5699806,240.8,6.9792528,0.0,0.0,69.06,85.73
72,920.751162168,70.1553104725,48.0208171393,12.4066176075,65.9671778197,16.0231182827,0.0,0.0,12.8599101955,12.8846486705
73,920.83,66.344,184.5,15.4572554,189.4,16.4862478,0.0,0.0,23.77,51.63
74,920.36,64.724,66.2,7.1358386,79.5,8.8582824,0.0,0.0,9.99,12.36
75,917.818578588,65.2159699885,69.8820450172,5.87578875982,81.3890275105,7.12691321796,0.0,0.0,12.103316468,19.1977555791
76,916.37,76.748,206.7,4.0488614,215.3,4.8317904,0.0,0.0,18.53,35.16
77,909.86,,159.7,18.7231878,187.9,24.4721236,393.202,58943.5,,90.06
78,920.732848168,81.8858086687,160.519407945,2.62759903254,191.374823447,3.54424021183,0.0,0.0,16.0098739521,17.6637058617
79,921.8,51.26,156.1,1.9237684,172.2,2.7066974,3.06954461848e-13,0.0,62.92,67.21
80,917.24,45.482,153.8,7.2253162,78.0,10.5583568,4.54747350886e-14,0.0,55.88,51.51
81,916.99,75.074,73.0,4.6080964,99.0,6.375279,0.0,0.0,8.83,9.13
82,919.84,65.678,64.9,9.4846256,74.8,10.8715284,0.0,0.0,18.11,13.91
83,911.68,62.87,180.2,11.0057448,186.9,12.7729274,0.0,0.0,26.26,44.59
84,921.269003866,70.3959064842,100.007396348,2.20759391797,148.05337755,3.26924143714,0.0,0.0,6.37450083286,10.3427020402
85,919.8,75.272,65.6,4.8541598,82.2,6.5318648,0.0,0.0,27.3,27.7
86,917.2,54.392,60.6,7.7621818,73.7,9.059607,0.0,0.0,20.89,19.05
87,917.36,60.512,179.9,3.6462122,198.5,4.5409882,0.0,0.0,74.44,58.55
88,917.4,69.926,197.7,4.4515106,214.6,5.6594582,0.0,0.0,70.84,51.54
89,919.56,78.476,179.3,5.9502604,192.2,6.9792528,0.0,0.0,20.19,18.76
90,917.83,73.04,145.4,2.8185444,38.3,4.1607084,0.0,0.0,25.4,19.2
91,920.02,71.114,92.7,3.4001488,66.6,4.8317904,0.0,0.0,48.22,42.53
92,917.59,82.67,170.9,3.6014734,183.4,4.7199434,0.0,0.0,13.88,22.87
93,921.53,77.702,97.1,3.2659324,125.9,4.4515106,0.0,0.0,14.56,15.1
94,918.21,49.856,89.5,5.5476112,99.6,8.9924988,0.0,0.0,18.09,14.06
95,921.851652994,72.5362646239,37.6466078005,1.95706956177,60.8686643551,2.69226084035,1.10585556047e-14,0.0,13.2004897724,14.7315901047
96,916.4,48.038,264.7,4.026492,299.2,5.8607828,3.06954461848e-13,0.0,44.62,72.59
97,915.07,58.046,186.2,7.6950736,195.6,8.9924988,0.0,0.0,55.2,47.93
98,917.403337048,73.3083745462,181.664017779,6.66378768561,192.128757982,7.91534287234,0.0,0.0,26.882661826,15.1179049706
99,918.03,44.06,165.0,7.5161184,186.8,9.9096442,0.0,0.0,90.43,73.65
100,922.451386829,63.9745392255,127.798636027,3.27790001981,102.282960618,4.8835421899,0.0,0.0,15.9728754419,14.7730429992
101,919.06216988,62.7685995751,167.702997876,3.73451890768,190.735665014,5.01872364971,2.12063955308e-14,0.0,21.7197216146,21.0645871954
102,921.857737551,53.9638770786,48.1587074475,5.69833264046,64.6229797836,7.36374827088,2.81604595373e-13,0.0,19.7322624494,22.3948485193
103,921.3,46.238,231.1,3.3330406,253.0,4.809421,2.27373675443e-14,0.0,73.93,86.91
104,915.4,45.392,249.3,11.2070694,289.7,15.0098674,0.0,6552.5,90.47,51.1
105,923.47,53.06,29.9,4.4291412,60.7,6.4647566,0.0,0.0,31.8,42.28
106,917.6,81.914,90.4,1.677705,121.4,2.348787,0.0,0.0,29.99,21.73
107,920.237891845,80.1376714099,164.321631527,2.00939645544,196.391154898,2.72231087417,0.0,0.0,18.0494683739,20.6968079685
108,915.6,77.918,35.1,3.5119958,50.2,4.4515106,0.0,0.0,24.71,49.29
109,920.94,72.86,112.5,2.5053728,151.1,3.3106712,0.0,0.0,45.94,52.26
110,924.163992776,65.2312319815,51.2600120399,10.1476476136,71.6379594658,13.3205172049,0.0,,12.7333922544,12.2013898464
111,916.08,68.18,191.9,6.6437118,200.8,7.4266408,0.0,0.0,9.05,22.1
112,916.01,51.71,178.4,5.8831522,188.2,7.158208,0.0,0.0,80.52,88.93
113,920.347750372,67.4280493304,197.482143266,4.44440007954,210.020357593,5.64723438122,0.0,0.0,14.0872852728,14.024821776
114,921.629017231,57.4530340462,44.3639039674,6.22687993842,59.3736977717,8.08293629835,1.2346402934e-14,0.0,14.6100345897,12.4108756114
115,918.704346231,74.4237516752,180.921029261,0.918035018443,127.626418269,1.34426095776,0.0,0.0,12.7233235887,15.1453112332
116,917.0,77.864,234.7,1.1632088,250.0,1.6105968,0.0,0.0,30.82,42.98
117,921.44,61.214,200.5,5.5028724,211.2,7.0910998,0.0,0.0,13.32,26.9
118,923.62,62.6,63.7,4.9436374,75.5,6.0621074,0.0,0.0,28.55,20.04
119,916.14,84.02,37.5,2.5053728,48.7,2.908022,0.0,0.0,13.74,17.45
120,919.4,69.854,119.4,1.006623,158.7,1.9237684,0.0,0.0,26.49,27.52
121,918.3,64.886,140.6,3.7580592,90.6,4.809421,0.0,0.0,36.04,54.85
122,917.41,39.038,196.9,9.5741032,203.7,11.3412858,0.0,0.0,82.29,74.31
123,918.79,61.808,162.9,3.2211936,187.0,4.1830778,4.54747350886e-14,0.0,25.37,22.26
124,919.55,39.524,212.4,12.3926476,217.1,13.5111176,0.0,0.0,91.7,79.38
125,919.47,84.578,53.0,3.131716,78.0,3.9817532,0.0,0.0,16.74,26.51
126,920.340675924,74.1254082179,55.9690539604,4.70942108733,72.8245894358,5.5699806,0.0,0.0,14.7301271321,17.4988558113
127,923.174071828,56.8656410164,50.1399078607,12.8704791264,66.5674116999,16.7023333003,0.0,0.0,16.4922922666,20.728089068
128,922.213291431,74.7251203675,145.426099942,1.07359059971,95.7248428654,1.70453199291,0.0,0.0,14.6995210033,14.0520807144
129,922.9918866,55.7680515238,41.2197788757,9.2873170082,66.1030429039,12.1064740196,0.0,0.0,16.8235297686,23.4286996724
130,913.89,50.144,189.5,9.059607,199.2,10.4912486,0.0,0.0,67.31,77.04
131,918.09,68.864,54.8,16.5086172,73.4,21.2285606,0.0,0.0,16.43,9.78
132,918.908963295,53.8254389934,47.5318979405,7.52653788506,64.3943254969,9.35982220491,5.94687208378e-14,0.0,23.9390212501,22.6333266265
133,920.51,39.83,175.5,7.8740288,194.9,9.5964726,0.0,0.0,69.56,70.22
134,917.7,65.372,85.9,3.0646078,90.6,4.5409882,0.0,0.0,22.93,30.0
135,924.205824528,63.0239276288,30.7341499162,1.87908746788,49.0434283958,2.44970900515,4.10796235483e-14,0.0,8.06420134158,14.7900900726
136,921.395951121,60.5148482383,55.7735465913,11.4326025558,74.9895767878,14.361962821,0.0,0.0,17.7731062986,12.04242161
137,916.54,48.902,200.9,4.8317904,209.0,5.4133948,0.0,0.0,91.76,91.59
138,917.18,49.19,146.5,1.565858,150.5,2.3264176,0.0,0.0,91.11,66.57
139,918.77,47.372,206.5,4.8765292,220.5,5.927891,0.0,0.0,91.09,58.91
140,923.715961928,65.396632406,40.9440048434,17.0704127882,54.9764572539,21.9806312041,0.0,0.0,13.182903948,11.456842335
141,918.4,57.56,163.5,3.1540854,211.5,4.362033,4.54747350886e-14,0.0,27.19,21.15
142,918.245934886,73.1161387487,183.934088952,1.77953971204,186.395278666,2.50601714505,0.0,0.0,9.3911471147,16.5654389147
143,914.25,46.652,261.6,4.8317904,292.9,6.822667,0.0,0.0,90.63,70.71
144,917.63,55.022,172.5,1.0737312,81.9,1.5211192,0.0,0.0,56.89,54.9
145,916.58,84.776,58.7,5.2791784,74.5,6.4423872,0.0,0.0,24.89,55.42
146,920.59,75.002,89.7,1.1632088,91.1,1.789552,0.0,0.0,13.92,16.68
147,915.56,45.41,179.6,6.2186932,202.2,8.1872004,0.0,0.0,85.7,81.73
148,918.925787947,62.2872515765,165.296257883,3.47729611072,188.863756131,4.59998886396,3.3367047042e-14,0.0,23.5488440092,21.6635980381
149,914.83,85.46,120.5,1.4316416,132.8,2.23694,0.0,0.0,18.15,22.28
150,916.1,76.352,138.6,5.033115,161.6,5.7713052,524.155,58932.5,30.93,56.39
151,917.3,73.616,147.7,2.4158952,175.2,3.467257,0.0,0.0,12.99,13.62
152,921.426709937,62.7108169524,65.0180152879,8.8331639992,80.3080917274,11.2530294161,0.0,0.0,16.9210493464,18.3639694242
153,912.6,58.406,172.7,3.8251674,189.1,4.7646822,0.0,0.0,64.84,58.28
154,920.36,74.192,56.1,4.7199434,72.7,5.5699806,0.0,0.0,14.73,17.5
155,924.876235117,67.982882295,55.2504707485,14.3261170283,77.1583910319,18.8660366238,0.0,0.0,11.4909305049,10.1031556576
156,921.619049822,57.8806333373,55.7488497625,18.0775896475,77.2628325416,23.6897159106,3.9129740356e-14,0.0,9.24927087291,8.66066015438
157,923.72,58.208,191.2,4.8317904,99.5,7.493749,0.0,0.0,20.94,17.48
158,919.009210028,68.8617446413,133.438958459,3.24936347885,43.6047557118,4.41012997196,0.0,,24.8492514771,20.7812902377
159,915.47,64.94,174.4,1.2974252,219.9,1.9237684,0.0,0.0,50.28,45.16
160,917.69,75.038,79.7,3.131716,82.8,4.8317904,0.0,0.0,48.53,48.81
161,920.2,61.43,37.8,2.8185444,49.7,3.467257,0.0,0.0,23.26,64.21
162,916.859355625,84.6016780717,117.006470711,1.58401768529,75.0377998971,2.08732617023,0.0,0.0,13.1732730953,19.7825532402
163,917.323976952,81.1110320529,171.689566126,3.63408039167,183.788709477,4.7199434,0.0,0.0,13.5046524111,22.7363811172
164,921.54,43.16,52.5,23.5549782,68.0,29.8407796,0.0,0.0,19.38,18.38
165,918.660275537,65.2878310239,65.7405388947,5.68507017336,79.3598460301,7.04472499817,0.0,0.0,18.6381077789,19.4885696886
166,923.406429127,68.861252786,227.026277902,2.50651623568,249.248091547,3.32063194906,5.97490306945e-15,0.0,10.7781174611,12.7870951398
167,921.705749254,46.7093202332,52.3285352544,20.9084393992,69.200253219,26.7467583932,0.0,0.0,19.3257028306,18.1999620172
168,915.6,87.314,15.5,3.2883018,45.3,4.6304658,0.0,0.0,23.16,27.21
169,921.2,56.786,192.3,9.5517338,201.4,11.0057448,0.0,0.0,59.79,77.75
170,919.466435131,58.4849481554,40.3972357088,6.69875652242,61.6285643419,8.43233071864,2.82837167882e-15,0.0,15.044049333,11.8473615218
171,920.787323627,64.9083314999,53.7103048044,8.98634315106,68.2586066815,11.2148093974,0.0,0.0,14.9809434299,17.1167170476
172,915.77,77.81,199.4,6.5094954,206.6,7.158208,0.0,0.0,37.56,38.23
173,916.3,83.012,198.0,4.362033,210.9,5.4357642,0.0,0.0,35.42,38.79
174,918.4,51.602,209.6,2.572481,228.0,3.2211936,0.0,0.0,87.99,59.26
175,918.65,42.242,166.5,8.1872004,194.4,10.8715284,0.0,0.0,92.49,65.04
176,920.59,42.62,163.8,5.256809,186.2,6.9121446,0.0,0.0,36.79,23.75
177,927.61,54.896,55.0,4.9883762,53.4,7.2029468,4.54747350886e-14,0.0,13.51,14.05
178,915.17,51.17,235.3,1.565858,237.4,2.4158952,0.0,0.0,89.85,64.52
179,926.275907982,66.0890093632,47.6676535504,10.0724476009,65.7051259614,12.9723937014,0.0,0.0,11.4153645636,9.59715427472
180,922.957798041,62.3689586116,64.0500627097,5.72018110062,76.6960475916,7.09314861595,0.0,0.0,25.6094732381,19.6199247483
181,921.72,59.81,51.1,19.5061168,65.6,25.3668996,0.0,0.0,10.68,8.03
182,923.149794255,49.39972711,202.370778833,5.82900788064,218.551395248,7.04296661674,0.0,0.0,38.4469201878,21.5241652125
183,920.96,53.564,197.7,3.1988242,220.9,3.9370144,4.54747350886e-14,0.0,17.69,55.67
184,921.4,75.236,60.9,4.026492,76.0,4.921268,0.0,0.0,15.06,45.82
185,912.79,41.486,171.0,8.612219,204.1,11.520241,0.0,0.0,91.28,91.34
186,915.55,73.76,182.4,9.3727786,193.4,10.9386366,0.0,0.0,31.7,15.7
187,915.61,70.574,174.0,9.4622562,189.7,11.8334126,0.0,0.0,26.69,48.57
188,922.17,56.696,48.4,12.2136924,64.9,15.5914718,0.0,0.0,14.93,22.41
189,918.9,77.558,212.0,1.1855782,154.1,1.8342908,0.0,0.0,62.1,56.93
190,915.13,62.15,180.2,3.7356898,197.0,4.4962494,0.0,0.0,73.0,56.37
191,914.86,48.038,183.6,5.0554844,193.0,5.9949992,0.0,0.0,78.99,53.53
192,917.86,66.776,207.6,1.5211192,241.5,2.3040482,0.0,0.0,51.97,40.65
193,919.18,74.84,51.7,21.3404076,76.1,26.3511532,0.0,0.0,9.19,5.36
194,922.69,69.17,55.2,9.6412114,83.1,13.1308378,0.0,0.0,7.49,6.52
195,919.701109838,82.9324264953,94.367468954,3.07526050532,51.916265523,3.91815210271,4.28578748839e-15,0.0,16.8198268889,21.6520023887
196,920.262645611,56.3904325774,63.1200406175,3.51970892429,68.0210794908,4.16862653975,9.01159186474e-15,0.0,19.936871664,23.6407902205
197,920.85,57.398,47.5,9.1267152,58.9,10.6030956,0.0,0.0,13.49,14.87
198,918.88,60.692,178.8,4.362033,185.4,4.921268,0.0,0.0,34.77,44.29
199,917.4,66.992,173.1,6.1739544,181.6,7.5161184,0.0,0.0,42.03,54.52
200,922.47,50.36,181.1,7.3371632,191.4,8.724066,0.0,0.0,82.83,75.97
201,913.34,57.218,215.0,3.7133204,224.4,4.47388,0.0,0.0,,64.01
202,912.255790997,85.7151129391,196.8020771,1.66405809336,166.806481858,2.25743422521,0.0,0.0,14.9403662813,24.0841598641
203,916.938049253,80.9585427895,95.9578883489,1.31450361591,106.037746811,1.80398492386,0.0,0.0,19.5174395942,19.094686648
204,918.32,55.454,47.9,6.4647566,63.6,7.8516594,0.0,0.0,24.28,22.86
205,915.2,74.246,181.2,4.9883762,189.5,6.039738,0.0,0.0,39.41,37.57
206,914.25,70.106,117.5,1.6553356,158.0,2.3711564,0.0,0.0,36.07,53.53
207,917.73,76.136,85.9,4.2949248,42.8,5.9502604,0.0,0.0,38.52,46.08
208,916.1,56.426,184.1,10.2451852,194.8,12.079476,0.0,0.0,22.64,67.41
209,910.34,50.72,174.7,10.7820508,192.7,13.3992706,0.0,0.0,87.7,60.4
210,920.1,58.82,134.5,1.7224438,137.8,2.6619586,0.0,0.0,54.67,63.48
211,915.7,57.884,179.6,2.4382646,200.2,3.1540854,0.0,0.0,71.05,54.98
212,914.538830123,72.675314707,212.61311866,2.32695187954,226.851090262,3.03254423741,0.0,0.0,23.2385704876,23.3353478702
213,916.32,70.016,192.0,3.6238428,201.4,4.362033,0.0,0.0,66.79,63.5
214,920.11456281,63.6128276894,201.738970248,3.59927055019,109.262414546,5.53329796372,0.0,0.0,22.7815463802,19.8503438348
215,920.668274968,71.3051850802,84.4071212078,2.25547686295,91.5472855317,3.15697155972,0.0,0.0,12.0115817313,15.0511351886
216,923.02682085,62.8822107906,47.3819768891,15.4135440415,64.8791512179,19.3417849281,0.0,0.0,15.5033558899,14.3311651841
217,922.989359555,69.3153469587,198.126182175,4.1313761649,209.588435388,5.21966770426,2.64910894014e-14,0.0,12.3015264756,15.7020507735
218,919.72,73.4,109.9,1.8566602,83.7,2.572481,0.0,0.0,56.8,85.96
219,920.160035559,76.0970354907,179.652962093,4.11673817492,191.18033173,4.98781956989,0.0,0.0,19.0565995002,16.877535502
220,920.073086504,59.2635586558,49.5062127459,20.5587015644,60.2114811887,24.8575843914,0.0,0.0,12.334502959,9.38851389751
221,917.44,58.514,55.1,10.0214912,69.6,12.7058192,0.0,0.0,13.88,25.93
222,923.307102053,56.2467977492,52.4472456275,14.1810476184,71.0634129275,18.8633246912,0.0,0.0,19.2110479087,17.7584191635
223,921.2,64.49,54.0,2.5948504,58.1,3.8922756,0.0,0.0,26.7,45.31
224,921.95900142,66.2348505797,154.171414304,2.84943973165,184.297732167,3.99832891808,,0.0,13.554527512,17.7011378568
225,918.99,49.784,271.2,4.138339,151.8,5.9055216,1.25055521494e-13,0.0,56.6,29.07
226,920.115285942,72.8098645545,47.8421245479,4.50757206059,79.1659191055,6.3530851862,0.0,0.0,14.2190498602,17.5016872246
227,915.49,59.324,162.1,3.3777794,180.8,4.5633576,0.0,0.0,66.45,53.23
228,923.759032874,61.6458857356,52.2190499877,17.155668966,64.4644889754,21.8144072269,6.34225140599e-14,0.0,10.2595506643,14.1025497494
229,910.21,43.502,190.8,12.9295132,200.4,15.2559308,196.599,19647.5,90.33,90.68
230,921.783935883,56.78983082,52.9520268,13.6468833717,72.6383445,17.8307925827,0.0,0.0,18.7896453567,15.5670443899
231,916.72,86.936,272.0,2.1922012,187.2,2.8632832,0.0,0.0,29.05,23.87
232,919.412466184,67.5100519828,143.677078622,1.10973848822,125.400623242,1.77890792056,0.0,0.0,16.4683758825,18.9388356957
233,915.87,66.416,173.6,3.6014734,185.4,4.4962494,0.0,0.0,36.85,52.29
234,922.32,59.018,38.6,4.47388,51.9,5.5476112,0.0,0.0,20.18,27.34
235,913.52,62.51,182.9,8.3214168,189.1,9.3056704,0.0,0.0,40.25,48.89
236,915.5,68.81,177.4,3.5567346,195.7,4.585727,0.0,0.0,50.36,53.44
237,918.7,47.786,189.4,2.3264176,202.1,2.8185444,0.0,0.0,91.71,78.34
238,920.734332684,68.6437705018,55.4709500841,15.9082671675,74.8208354722,20.5928958597,0.0,0.0,14.2750662004,9.59844880077
239,919.193329675,65.2668041572,154.900548559,2.9373365898,224.762534264,4.83617102231,1.7935455077e-14,0.0,18.1181843254,13.4589413173
240,916.165580716,79.4868847182,185.245961911,3.5477745896,201.133673815,4.21379950715,0.0,0.0,27.2553711963,20.5919342831
241,916.3,63.302,184.8,6.1292156,201.2,7.6950736,0.0,0.0,13.83,26.06
242,914.11,76.406,168.5,7.2924244,192.6,10.0214912,0.0,0.0,22.75,32.13
243,914.4,57.938,198.3,2.7066974,216.7,3.35541,0.0,0.0,75.98,59.9
244,916.04,51.818,177.8,4.0936002,189.8,4.7646822,0.0,0.0,77.49,65.86
245,919.36,48.74,280.9,2.5277422,274.8,3.6685816,0.0,0.0,90.7,70.32
246,920.97,78.638,266.7,2.1922012,260.4,2.9751302,0.0,0.0,28.62,28.13
247,917.373738305,81.5275006427,167.552111791,2.04582555509,81.1096682111,2.96885566856,0.0,0.0,25.9290666568,20.3518666865
248,923.703192351,55.4791263396,195.513576648,5.01307844001,208.850714518,6.07029395382,2.80945690007e-14,0.0,30.2552896234,17.4207435044
249,920.705441959,59.3882454264,55.8027253517,17.7049033057,77.3273409608,23.3033693146,3.79988914461e-14,0.0,9.90392916934,8.21741966026
250,915.73,45.734,182.2,7.3147938,190.1,8.500372,0.0,0.0,90.61,87.29
251,920.18,56.372,187.1,3.35541,206.9,4.697574,3.06954461848e-13,0.0,24.31,38.96
252,921.52,59.216,48.8,14.7861734,63.4,18.119214,0.0,0.0,18.94,15.51
253,920.5,40.838,185.3,5.5699806,203.3,6.9792528,0.0,0.0,70.31,61.05
254,916.18,49.568,181.6,7.2476856,191.0,8.9253906,0.0,0.0,83.62,49.95
255,922.36,74.336,166.9,4.1830778,210.0,6.9121446,0.0,0.0,12.48,12.71
256,914.67,64.166,137.8,2.125093,177.0,2.7290668,0.0,0.0,58.57,39.96
257,920.86,66.938,75.4,2.684328,89.0,3.4448876,0.0,0.0,17.45,17.6
258,918.65,73.184,174.1,8.276678,185.3,10.1557076,0.0,0.0,47.53,55.53
259,916.4,46.364,185.9,2.1474624,208.1,2.7738056,0.0,0.0,91.41,91.48
260,920.74,59.09,180.0,8.9924988,194.0,10.7596814,0.0,0.0,35.26,52.38
261,917.4,75.128,174.1,2.1027236,204.0,3.0422384,0.0,0.0,46.51,45.46
262,916.05,67.388,188.3,2.572481,208.8,3.5343652,0.0,0.0,41.36,41.93
263,921.05,61.448,189.0,8.7911742,197.3,10.289924,0.0,0.0,27.63,58.26
264,918.6,74.498,187.6,3.4896264,200.5,4.4067718,0.0,0.0,48.9,52.84
265,918.29,75.236,210.9,2.3040482,232.8,2.9751302,0.0,0.0,35.96,43.37
266,921.119096576,59.1832523261,55.0332628923,12.3665932991,73.5055262051,15.4900602276,0.0,0.0,17.9976193993,11.2484794986
267,920.706805181,63.9004122269,48.8564971862,16.1549996867,64.5144341224,20.3321294442,0.0,0.0,8.76940405538,8.4569892452
268,920.66,70.556,47.3,11.9228902,66.9,15.7480576,0.0,0.0,11.59,12.52
269,918.09,49.28,55.3,9.8649054,73.7,12.1465842,0.0,0.0,21.68,35.43
270,925.63,59.882,42.7,15.099345,63.1,19.8863966,0.0,0.0,13.05,12.14
271,921.282561044,65.554071229,74.3361763049,3.47132319977,92.8677188756,4.62631434459,0.0,0.0,9.90989040189,14.4900404825
272,920.02,49.946,183.4,8.388525,193.7,9.8201666,0.0,0.0,50.36,71.65
273,918.06,74.822,271.1,2.0803542,295.4,2.8632832,0.0,0.0,42.42,36.16
274,920.03,66.992,172.5,2.460634,168.1,3.3106712,4.54747350886e-14,0.0,29.89,39.95
275,918.24,61.988,78.4,4.4515106,45.1,5.8384134,0.0,0.0,60.65,41.24
276,917.78,61.97,195.1,9.4846256,200.8,10.3346628,0.0,0.0,22.25,58.33
277,917.772229187,72.670010766,301.508793191,1.7636943135,228.661145933,2.52001649188,0.0,0.0,15.5328648328,20.2506253499
278,921.354653097,62.535831615,59.4364785131,11.8297705891,86.06663587,16.5016711791,0.0,0.0,20.2278539061,17.7148843655
279,915.34,50.774,186.3,7.8740288,202.7,9.3056704,0.0,0.0,66.53,77.69
280,922.358770014,68.9855194826,37.7555716986,3.54151963852,65.0125904402,4.95105085963,6.70768859865e-14,0.0,18.6771779746,17.6042546854
281,919.529660844,78.2307481708,186.250507714,4.81560847355,193.63647441,5.58939255024,0.0,0.0,8.80977660597,8.3236647049
282,918.18,57.092,178.3,3.8251674,198.2,4.7646822,0.0,0.0,48.86,52.42
283,919.829386723,64.4032115193,68.7428776346,8.99857399365,82.2689748152,11.3484030416,0.0,0.0,10.8046061595,18.3110521489
284,917.873766676,83.4365191667,203.514106647,1.04278089782,244.021613394,1.62203800291,0.0,0.0,16.2478106495,24.1495413325
285,918.7,74.444,181.0,0.9171454,127.6,1.342164,0.0,0.0,12.72,15.13
286,920.0,74.894,46.7,6.9792528,64.8,8.9701294,0.0,0.0,27.36,32.51
287,921.29,83.228,162.6,2.6619586,194.0,3.5567346,0.0,0.0,16.5,18.32
288,921.568623074,80.912564133,163.719700206,3.05805103742,198.166326346,4.43046791785,0.0,0.0,15.4532105055,16.8591818248
289,917.67,43.862,192.9,5.8384134,206.4,7.270055,3.06954461848e-13,0.0,85.18,20.71
290,921.588661041,72.034618317,53.7608864522,18.6127773236,76.4864162098,23.4602492803,0.0,0.0,9.95424539269,7.06023132306
291,923.82,64.364,126.4,2.9751302,63.8,3.467257,1.25055521494e-13,0.0,22.19,26.94
292,918.695131858,67.6892936514,40.4674863287,20.1292871469,63.7265621265,26.3383820734,32.0974913858,9761.31854937,14.539621048,9.03960323034
293,924.1,64.706,62.9,10.5807262,72.5,12.3926476,4.54747350886e-14,0.0,13.05,16.17
294,921.427814806,58.9658616675,48.6211332056,14.0074894411,62.7808457115,17.0850724578,0.0,0.0,18.1901353617,15.4219425012
295,916.094357647,69.4331232075,46.7575474432,11.0128148333,64.730189773,14.3526087043,0.0,0.0,8.61555181377,12.691776643
296,917.77,81.734,185.0,4.0936002,195.8,5.1673314,0.0,0.0,15.66,27.57
297,919.17,79.988,167.0,5.0778538,183.7,6.6437118,0.0,0.0,22.24,43.81
298,914.4,67.532,166.8,2.7066974,193.0,3.7133204,0.0,0.0,45.42,48.5
299,920.95,50.198,231.6,1.8342908,156.1,2.6172198,0.0,0.0,84.23,84.19
300,918.58,76.982,150.7,1.3197946,182.0,1.9461378,0.0,0.0,15.54,29.09
301,919.5,68.738,228.7,4.138339,247.3,5.4133948,0.0,0.0,15.03,22.06
302,919.134097329,69.8330226238,141.772405316,2.36658577633,42.2031082042,3.36978080859,2.08815072479e-14,0.0,19.5086025577,18.5387675513
303,916.17,55.31,170.4,3.7580592,190.5,5.033115,0.0,0.0,48.16,63.53
304,919.1,77.954,273.5,1.8119214,262.4,2.460634,0.0,0.0,22.73,26.6
305,923.51,56.39,42.2,5.59235,64.7,8.0753534,0.0,0.0,36.01,37.28
306,913.93,81.752,120.9,2.908022,141.1,3.7356898,0.0,0.0,20.42,24.29
307,919.33,53.942,163.9,1.6105968,203.9,2.2816788,0.0,0.0,72.67,67.58
308,915.1,47.138,189.8,3.8922756,215.5,5.480503,3.06954461848e-13,0.0,72.29,83.17
309,921.713525383,73.8550580666,202.584837158,4.9903099295,220.159777469,6.25468335582,0.0,0.0,20.4754988986,20.5069237365
310,920.692922261,64.7623526445,65.9602959721,8.36910671494,80.165844522,10.5503024224,0.0,0.0,10.8502711225,13.8088776799
311,924.08,60.08,54.2,18.9245124,72.1,23.5549782,0.0,0.0,13.13,13.29
312,917.39,49.784,204.1,1.2750558,211.8,2.013246,0.0,0.0,73.15,58.43
313,917.54,77.504,150.7,2.1474624,207.0,3.4448876,2.27373675443e-14,0.0,35.49,36.68
314,921.7,53.564,48.2,5.256809,64.4,6.8002976,3.06954461848e-13,0.0,19.89,22.93
315,915.91,63.986,17.4,3.8251674,37.8,5.0107456,0.0,0.0,40.97,53.33
316,915.4,69.836,177.4,3.8699062,186.6,4.7199434,0.0,0.0,10.79,21.77
317,918.0,82.364,109.4,1.8119214,162.4,2.6395892,0.0,0.0,26.92,32.63
318,915.1,89.78,159.5,2.6395892,189.2,3.7580592,0.0,0.0,30.27,34.53
319,922.6,65.66,164.0,2.796175,200.7,3.802798,0.0,0.0,23.43,26.98
320,913.2,63.374,178.8,7.2253162,189.7,8.500372,0.0,0.0,49.18,47.99
321,922.852231773,58.9827358085,54.9727212616,18.5019825758,74.6757375386,23.6221988538,1.95218303712e-14,0.0,11.1939039501,10.980422007
322,918.98,78.944,268.0,1.565858,241.1,2.1027236,0.0,0.0,36.35,37.25
323,919.76,54.284,214.0,4.2054472,223.5,4.921268,0.0,0.0,17.77,16.79
324,923.8,55.13,55.2,3.019869,47.1,,0.0,0.0,69.07,62.76
325,919.114642052,79.3162802501,186.556740809,2.79408997465,60.9056702424,4.12378495769,0.0,0.0,27.2309300095,23.0712645314
326,914.56,76.226,173.3,,185.4,8.052984,0.0,0.0,25.84,33.88
327,915.613146494,77.2581392312,209.254491653,1.76452478674,233.466997495,2.4030001186,0.0,0.0,20.4289912359,23.6799743739
328,919.28,72.644,95.9,4.7199434,85.6,5.8831522,0.0,0.0,47.51,44.72
329,920.083600764,67.8642262656,197.000143532,4.66637357727,209.45834315,6.12924770721,1.056034055e-15,0.0,14.6850828026,13.7130045633
330,917.08,61.232,181.1,8.4556332,194.0,10.1109688,0.0,0.0,23.74,35.82
331,917.7,74.786,40.2,6.6660812,59.5,8.2990474,0.0,0.0,22.33,23.8
332,922.247420644,58.7795476137,49.7358628166,14.6244053433,64.6974461776,18.2334032165,0.0,0.0,19.0038088284,15.990693174
333,919.991584191,55.1426429242,215.741829814,3.96635184279,224.024528296,4.68438648869,0.0,0.0,17.1702563254,16.5237771477
334,919.414188367,78.304516793,179.41272221,6.07471001767,192.243634404,7.12322392633,0.0,0.0,20.6085266566,18.6487322703
335,917.869889647,70.2416690258,179.055791942,4.11683334844,187.33590753,4.88456149896,0.0,0.0,11.8800630284,19.7600525594
336,922.99,59.486,137.5,3.3777794,147.2,5.2791784,4.54747350886e-14,0.0,19.84,19.58
337,916.83,64.994,189.4,9.0819764,195.5,10.4465098,3.06954461848e-13,0.0,24.86,45.98
338,916.65,89.402,185.2,1.7224438,217.5,2.1922012,0.0,0.0,12.05,14.08
339,917.3,70.088,183.7,2.6395892,201.0,3.4225182,0.0,0.0,36.38,44.27
340,,62.402,59.1,11.8334126,86.3,16.5757254,0.0,0.0,20.63,17.71
341,917.1,58.64,185.3,10.2451852,191.3,11.5873492,4.54747350886e-14,0.0,28.13,71.42
342,924.307791002,70.7218621606,227.108971652,2.58050861851,236.18247905,3.42237147546,2.47772849389e-14,0.0,13.1638321481,15.1066548268
343,919.76270212,75.1149017924,120.862033183,2.16050345778,121.033921549,2.82407871877,0.0,0.0,13.9232625871,11.5004619726
344,918.37,63.914,53.7,14.4506324,72.1,17.0454828,0.0,0.0,19.68,14.54
345,919.606136374,61.0880384208,56.3603774421,6.5613420518,69.3019725899,7.98900279355,0.0,0.0,17.6192967866,21.6802830815
346,914.13,58.388,219.9,3.6238428,245.5,4.8765292,0.0,0.0,55.32,65.3
347,918.36,48.128,200.6,3.914645,220.6,4.6528352,0.0,0.0,91.25,74.43
348,919.42723895,75.2864944776,207.963100821,1.84339335291,252.466034532,2.71154389634,0.0,0.0,13.7712338393,23.4788404701
349,915.32,83.84,219.9,1.5211192,245.0,2.0579848,0.0,0.0,17.49,42.22
350,919.296434276,76.7057685528,166.822906419,1.30318306895,199.31917519,1.81422454758,1.58019756015e-14,0.0,19.3353682267,23.1108500546
351,919.772808925,66.718104508,196.404973087,5.2811399242,204.860820811,6.09245583828,0.0,0.0,9.87485422727,17.8297931158
352,915.39,71.42,183.0,2.1698318,207.7,2.684328,0.0,0.0,40.34,36.58
353,921.564852784,68.3905329152,51.2421891828,14.492130559,62.9285043541,17.3662997774,2.68431272297e-14,0.0,17.3963552768,14.107950699
354,917.38,73.616,171.1,5.7936746,179.5,7.0239916,0.0,0.0,38.23,39.96
355,915.042536805,71.2161848271,216.564892417,1.86539684767,122.995900344,2.77539147045,0.0,0.0,25.3721812013,23.1848758033
356,919.0,69.818,238.0,1.677705,269.3,2.1698318,0.0,0.0,69.99,36.44
357,916.138440043,69.2515129292,47.0857226594,11.2333603288,64.3071386703,14.4785202065,0.0,0.0,9.1948765698,12.8575389172
358,919.37,65.138,54.4,8.724066,68.5,10.7596814,0.0,0.0,16.55,20.21
359,920.621535903,69.6034214733,115.778250541,2.71230744043,97.9408019605,3.97157692557,0.0,0.0,14.8805006314,15.3488140637
360,917.16,72.968,150.4,1.4987498,200.3,2.3711564,0.0,0.0,32.76,47.75
361,920.91,66.416,198.1,4.0712308,210.7,4.8317904,0.0,0.0,13.42,14.55
362,919.37,74.066,159.7,6.5766036,188.6,9.842536,0.0,0.0,18.76,33.22
363,914.3,78.71,190.8,2.9303914,202.9,3.4448876,0.0,0.0,20.65,45.18
364,918.2,77.27,119.8,2.1922012,56.0,3.6238428,0.0,0.0,23.01,36.94
365,921.36,50.45,218.5,9.0148682,229.2,10.4688792,0.0,0.0,80.6,60.38
366,917.199140496,81.2753696696,130.129662483,2.55476966018,42.0144064232,3.59359270939,0.0,0.0,21.6384265111,17.3427967884
367,915.93,60.854,331.7,2.3040482,211.9,2.9974996,0.0,0.0,34.58,66.38
368,,63.572,171.9,8.5674802,182.8,10.625465,0.0,0.0,51.62,52.44
369,914.79,48.272,218.6,5.6147194,171.1,8.0082452,0.0,0.0,90.89,62.53
370,911.0,86.432,202.9,1.2079476,162.9,1.677705,0.0,0.0,15.19,24.37
371,915.07,41.018,324.3,5.3910254,211.5,8.0753534,0.0,0.0,90.88,77.64
372,913.97,72.824,219.7,1.4987498,125.9,2.1922012,0.0,0.0,25.92,23.89
373,919.7,76.208,31.2,1.0737312,74.0,1.5211192,0.0,0.0,15.24,21.32
374,922.793868717,72.6082272887,62.4829484593,7.7187305623,74.5887043683,9.50264377664,1.94551788774e-14,0.0,14.6661619911,19.1951984965
375,921.82641673,61.7717654882,59.062217537,9.49686600799,77.8553753559,12.1631961823,0.0,0.0,17.9533227015,16.0434538869
376,920.8,65.084,75.5,4.0936002,92.3,5.4581336,0.0,0.0,8.8,12.31
377,917.71963605,56.6134441142,61.4463768998,8.10121357756,73.9165150209,9.41625081795,0.0,0.0,20.3428074927,18.038284357
378,916.55,53.51,205.8,3.802798,226.1,4.9436374,0.0,0.0,84.48,67.46
379,915.6,69.206,178.7,2.572481,183.0,3.243563,0.0,0.0,38.57,46.66
380,920.71,42.89,237.4,2.3935258,169.6,3.4225182,0.0,0.0,87.8,63.28
381,919.52546572,59.3366478191,48.8929887769,20.9274666328,58.5443705071,24.7950717622,0.0,0.0,12.952917062,9.80955988067
382,920.440210256,65.2490231975,169.579583382,2.326369696,194.280186894,3.04219485091,2.72866116715e-14,0.0,11.8919073316,14.2481238175
383,916.28,47.858,52.0,10.625465,68.4,13.6900728,4.54747350886e-14,0.0,57.7,55.03
384,911.51,63.878,170.5,6.6660812,180.5,8.164831,0.0,0.0,40.4,52.08
385,918.16,72.32,206.2,2.125093,242.8,2.9751302,0.0,0.0,44.85,46.66
386,917.0,51.44,220.0,0.9171454,202.3,1.5211192,0.0,0.0,90.45,62.16
387,915.12,52.502,163.8,5.5028724,188.2,6.8002976,0.0,0.0,91.09,90.97
388,921.157031823,66.7276761528,198.257031823,4.56622730461,208.138486119,5.64756500884,0.0,0.0,11.9727989136,14.7169700757
389,915.004783271,80.5940583157,142.709470749,1.67958551628,144.630310013,2.20891874166,0.0,0.0,19.5178096633,21.1519466549
390,917.2,86.702,98.0,2.6619586,54.7,3.4896264,0.0,0.0,20.96,27.83
391,915.688574293,70.1368168384,178.089857737,3.68950741079,186.609716306,4.53085069324,0.0,0.0,10.5976171382,21.2122840269
392,916.48,56.84,187.7,4.5409882,193.1,5.1002232,0.0,0.0,44.56,62.25
393,922.06,61.754,56.2,10.4241404,77.0,13.42164,0.0,0.0,17.7,14.79
394,916.1,82.454,180.7,3.5567346,210.8,5.3015478,0.0,0.0,19.34,13.48
395,914.49,77.738,44.8,9.506995,54.3,10.8715284,0.0,0.0,23.11,48.49
396,912.9,78.332,167.0,7.82929,177.1,9.8872748,0.0,0.0,28.86,59.28
397,920.923901151,65.4031587821,247.30779913,3.24250671993,241.636756787,4.20990294899,0.0,0.0,12.1093845714,22.4523818512
398,917.66,48.776,277.4,1.9461378,277.0,2.8185444,0.0,0.0,91.15,63.56
399,921.39,76.082,225.1,1.901399,251.1,2.572481,0.0,0.0,47.52,19.94
400,918.26,82.22,186.6,1.0961006,221.5,1.7224438,0.0,0.0,32.46,56.93
401,919.84,49.532,220.9,5.9502604,232.1,6.9568834,,0.0,91.4,67.24
402,919.3,63.608,171.9,4.1830778,194.0,5.7489358,0.0,0.0,18.53,20.02
403,920.365099424,72.7320123898,179.417330997,1.60853839035,189.935429573,2.23905012273,0.0,0.0,16.5583279449,13.6581133846
404,917.89,71.51,169.2,2.1922012,196.8,2.9303914,0.0,0.0,48.99,51.19
405,918.725801682,68.3755616121,45.2345381913,22.1682015121,60.3286685351,28.3086518966,0.0,0.0,16.154299475,9.29776489163
406,920.0,73.22,48.4,2.013246,56.1,2.460634,0.0,0.0,17.94,25.69
407,914.74,66.704,157.4,4.2725554,193.7,6.5542342,0.0,0.0,45.22,48.23
408,914.210392234,82.9072160023,120.77538123,2.44806022449,138.514160513,3.26875890668,0.0,0.0,19.7127884775,23.6637906783
409,919.35,91.112,96.4,2.5277422,96.3,3.3777794,0.0,0.0,25.62,35.69
410,917.09,63.266,175.5,6.7331894,186.3,7.9635064,0.0,0.0,62.82,63.63
411,920.400337143,71.0751202319,199.016247833,4.40428940705,211.329920385,5.28013852488,0.0,0.0,11.8795583304,12.2880131618
412,920.81,69.008,164.1,8.6793272,189.6,11.4307634,0.0,0.0,23.32,26.35
413,916.83893603,86.6024994057,118.480040063,2.35726846585,46.2141974662,3.1670803505,0.0,0.0,17.9654501169,16.1883597828
414,919.73724838,63.8738668469,73.7821304494,7.7598670614,81.8348749953,10.0747838784,0.0,0.0,11.6044967594,18.3248983666
415,918.7,82.49,140.2,1.8566602,185.3,2.8856526,0.0,0.0,20.17,41.22
416,916.26,37.796,208.9,8.164831,216.6,9.3056704,0.0,0.0,84.44,68.29
417,918.67,71.996,177.2,2.7290668,197.3,3.5567346,0.0,0.0,32.59,43.92
418,915.84,40.118,171.9,10.5359874,188.0,12.9295132,0.0,0.0,86.43,84.39
419,917.01,51.836,130.2,1.6105968,159.9,2.348787,0.0,0.0,70.01,65.41
420,920.398141119,65.479240136,54.5688005557,17.4395399127,72.8990678708,22.1250046937,0.0,0.0,15.1584030566,11.1325167489
421,920.617320401,75.020912409,114.477419572,2.51462010291,121.446123555,3.30820927834,0.0,0.0,13.7714448262,11.6464203961
422,920.93,75.434,40.2,2.1474624,65.1,2.9751302,0.0,0.0,15.09,14.61
423,917.9,74.048,86.7,2.460634,112.2,3.1988242,0.0,0.0,15.99,44.38
424,923.439996746,70.738107373,197.764708493,3.98043844289,210.576463453,5.17654264083,3.74497027035e-14,0.0,13.1088176998,15.8394107728
425,917.195328426,73.9286579388,,1.10216096192,127.059208948,1.61257135973,0.0,0.0,16.9190834618,17.9166644792
426,921.9,78.206,50.7,5.368656,74.5,7.4490102,0.0,0.0,13.49,17.63
427,920.23,67.316,153.2,1.230317,136.9,2.0803542,0.0,0.0,13.89,20.52
428,918.0,71.312,156.9,2.9527608,183.9,4.1607084,0.0,0.0,35.17,40.99
429,924.2,68.882,56.3,9.8872748,69.0,11.8781514,4.54747350886e-14,0.0,14.23,13.58
430,919.342564647,75.0109322115,177.693263034,2.62108843968,200.519457692,3.3011451577,1.73925448389e-13,0.0,15.1607134512,21.6778830878
431,917.56,68.612,171.6,7.605596,179.6,8.6793272,0.0,0.0,40.14,37.55
432,923.63,53.744,54.4,2.8409138,87.7,4.0488614,0.0,0.0,33.72,47.58
433,915.82,62.492,45.3,8.5674802,65.3,11.1399612,0.0,0.0,29.92,10.78
434,920.193716199,60.9722054844,54.9625727535,12.7874338084,73.222286892,15.5862613941,0.0,0.0,18.3753414881,11.5519111501
435,917.43,77.108,33.0,1.6553356,64.8,2.4158952,0.0,0.0,30.11,31.06
436,920.61,65.03,191.2,2.5501116,194.7,3.7580592,0.0,0.0,20.03,24.35
437,925.660713644,57.0240967633,52.1401269948,16.7442140606,67.2389375888,21.216621706,3.21316294271e-14,0.0,16.4984618265,19.1195716267
438,916.17,41.594,213.4,9.842536,221.2,11.4978716,0.0,6550.5,70.41,57.4
439,919.4,58.406,40.4,6.6884506,61.6,8.4108944,0.0,0.0,15.02,11.8
440,918.88,60.476,42.5,9.5964726,31.8,14.4058936,0.0,0.0,89.9,79.45
441,913.05,50.054,174.3,5.5028724,188.6,6.7779282,0.0,0.0,58.79,57.81
442,920.1,52.97,43.3,5.3910254,77.5,7.4490102,0.0,0.0,19.06,17.15
443,913.64,74.516,219.4,1.8566602,229.3,2.2816788,0.0,0.0,37.53,53.17
444,916.87,67.604,66.3,4.4067718,79.2,5.3462866,0.0,0.0,18.75,20.08
445,921.133999984,81.5373900158,53.1467528282,13.8858755245,73.714604216,17.3488465642,6.05350257917e-15,0.0,24.7326817778,13.0781486287
446,920.857222026,69.1263091622,101.623049561,2.2305117538,147.85515859,3.27852996901,0.0,0.0,12.5689873401,13.9831297387
447,921.065155571,65.0723345092,249.153737576,3.15363800225,241.074949433,4.09051366161,0.0,0.0,11.8196524935,22.491307075
448,921.293251272,60.5925176679,56.8941758029,,76.4793681478,12.7334541454,0.0,0.0,18.2032774571,15.462088391
449,924.29,62.33,43.1,2.3040482,61.8,2.8632832,0.0,0.0,35.77,56.68
450,919.39,67.064,170.8,5.4581336,190.5,6.8674058,0.0,0.0,20.18,25.14
451,922.37,56.48,110.6,1.8790296,90.9,3.1764548,0.0,0.0,65.54,54.2
452,919.000810947,79.702559573,187.657730184,2.42257574028,67.9221449011,3.63538984059,0.0,0.0,26.2754951624,23.0563358619
453,921.379209174,53.4449064058,47.2175780952,5.28371861864,67.0264748882,6.93036075676,2.45411852239e-13,0.0,19.723589759,21.7711431409
454,917.3,73.184,178.6,4.6752046,183.7,5.256809,0.0,0.0,36.57,43.62
455,915.61,69.314,46.7,10.9162672,64.5,14.204569,0.0,0.0,8.3,12.71
456,919.5,46.958,194.6,2.9751302,219.8,3.9370144,0.0,0.0,76.2,75.54
457,925.96,56.966,51.7,17.8731506,66.3,22.2799224,4.54747350886e-14,0.0,15.36,19.68
458,920.4,81.914,56.3,9.6859502,74.1,12.2584312,0.0,0.0,8.0,7.22
459,920.429758293,82.4913052168,56.5205708566,11.9801625259,77.112908215,14.9991284644,0.0,,22.8026947631,13.0883466183
460,919.657175356,76.2416203045,91.9111398966,1.14775196475,92.4128643136,1.71742010216,0.0,0.0,13.7587710492,16.8711714702
461,921.608455704,57.4215594668,53.5013560581,13.3089588093,72.8672316909,17.2129709079,0.0,0.0,18.5805950557,14.4271861794
462,914.821519283,74.5321881387,211.296660401,2.04169701569,229.956302906,2.71096926187,0.0,0.0,21.8860442188,23.4895249289
463,920.695876463,51.114930945,44.9534702082,15.9780148758,59.7114712558,20.4925150952,9.17520122069e-15,0.0,12.9795537299,15.60269474
464,921.5,49.55,90.7,1.7448132,112.3,2.684328,0.0,0.0,34.35,49.5
465,918.94,46.634,260.2,2.7738056,287.2,4.0041226,0.0,0.0,76.02,73.74
466,912.8,42.512,190.8,11.3860246,198.1,12.7281886,0.0,0.0,89.77,80.87
467,924.441440537,57.5947477657,43.4247313797,15.3857535749,61.9645875051,20.0971500796,0.0,0.0,12.658645055,12.6811327635
468,917.14,64.976,177.3,5.9726298,183.9,6.8897752,0.0,0.0,29.95,51.23
469,922.848924312,72.535636324,199.572420298,3.73915061417,213.319281316,4.93892289506,3.74197979915e-14,0.0,15.8291018786,17.2401337595
470,920.471327358,56.587482882,65.6059761728,3.31819048126,66.7096914685,3.95435376488,1.41972460311e-14,0.0,20.5047596945,23.7160524896
471,920.315133893,75.4821162107,179.744196408,3.64280585606,190.916765933,4.47307011352,0.0,0.0,18.7636359791,16.3909524912
472,914.49,49.892,163.0,4.8541598,189.6,6.7331894,0.0,0.0,92.1,90.99
473,920.11,61.142,236.7,3.6238428,188.0,4.6528352,0.0,0.0,28.64,44.75
474,919.67,77.576,171.8,6.5542342,191.0,8.164831,0.0,0.0,56.86,50.65
475,920.71,50.414,45.7,16.2849232,58.4,20.7588032,0.0,0.0,11.43,14.38
476,917.187925805,79.5229785964,97.7641758687,1.1068366826,95.8881044221,1.5264821188,0.0,0.0,13.3319871762,17.3772152053
477,919.1,87.602,275.7,2.1027236,133.6,3.2659324,0.0,0.0,14.57,39.36
478,920.24,74.408,173.1,6.487126,180.7,7.3595326,0.0,0.0,27.88,35.47
479,919.67149755,66.9065686509,162.146228131,1.04482525976,194.247665033,1.53663063329,1.1327844547e-14,0.0,16.3765019838,17.0518320507
480,916.63,81.266,128.1,1.006623,135.3,1.5882274,0.0,0.0,23.33,48.8
481,921.684372815,63.6439204184,130.508327799,3.38642025702,153.148715575,5.20141068678,4.54747350886e-14,0.0,19.7627439536,18.208705176
482,917.7,83.768,124.6,2.3264176,156.4,3.1540854,0.0,0.0,44.22,48.38
483,921.642860721,63.9759041354,231.090113882,2.20252230572,232.05272179,3.03510571845,0.0,0.0,12.2937316943,15.4995494838
484,921.61,38.138,46.6,4.5186188,59.6,5.5252418,0.0,0.0,29.8,16.4
485,912.28,42.746,251.1,12.9295132,274.4,17.6047178,655.325,65487.0,87.87,70.77
486,915.0,58.118,179.9,3.5119958,202.4,4.6080964,0.0,0.0,78.54,67.16
487,921.030150504,64.7234203071,50.3122188035,20.4697025185,62.5536980059,24.7335548836,0.0,0.0,11.4906425068,9.15644277379
488,918.941855795,62.3439616303,165.579808152,3.50760083556,189.084295229,4.64932213696,3.19343388905e-14,0.0,23.3333458048,21.5930255267
489,925.74,49.55,154.2,2.3264176,197.1,3.4001488,0.0,0.0,69.78,52.05
490,920.57,53.6,100.1,4.697574,124.2,6.2858014,655.334,65476.0,79.88,84.53
491,921.834700851,72.6533702753,68.1276184276,5.68890762171,95.1337486222,7.34268128427,0.0,0.0,12.6704032049,14.375912168
492,914.9,78.62,203.3,1.8119214,240.0,2.7514362,0.0,0.0,47.89,43.9
493,917.89,45.428,257.1,7.8740288,280.6,10.513618,0.0,0.0,80.01,54.2
494,918.61,68.54,44.9,22.2128142,60.2,28.4986156,0.0,0.0,16.42,9.42
495,918.7,69.422,161.1,0.782929,193.6,1.1855782,0.0,0.0,18.18,17.56
496,914.3,48.182,177.5,2.4830034,203.4,3.1764548,0.0,0.0,90.97,90.65
497,915.3,69.53,74.5,1.2974252,95.3,1.677705,0.0,0.0,23.64,31.64
498,917.0,47.606,179.2,8.8135436,195.9,10.401771,0.0,0.0,74.63,92.0
499,919.33,45.032,238.0,1.8790296,90.3,2.7290668,0.0,0.0,76.33,68.1
500,918.1,44.726,185.9,9.0148682,196.8,10.737312,0.0,0.0,87.27,88.67
501,920.760179226,77.8096728486,140.00079516,1.04575886235,91.8504733093,1.59381339741,0.0,0.0,14.9674599265,15.7297879574
502,922.1,62.96,231.6,1.789552,228.8,2.5277422,0.0,0.0,11.71,14.1
503,923.322265005,70.8800526601,196.007550017,3.41085955348,214.620701213,4.56906711619,2.85075431831e-14,0.0,16.0319530989,17.3354407344
504,919.09,56.174,21.7,5.3239172,40.6,6.375279,0.0,0.0,40.08,48.27
505,919.1,84.146,247.0,1.7224438,63.3,2.684328,0.0,0.0,28.29,27.44
506,915.71,86.342,234.3,1.7448132,125.5,2.5053728,0.0,0.0,8.68,16.97
507,922.533604686,69.027078744,55.9458853427,9.61968235796,82.8112701899,12.9962812872,0.0,0.0,7.50203040875,6.81354197356
508,919.022986834,62.6303064736,167.011532368,3.66061782475,190.197858509,4.89841956122,2.47001967275e-14,0.0,22.2452354002,21.2366852773
509,921.403654731,46.1050578063,47.5764208486,14.7609215149,67.7727578853,19.081191941,2.32509936738e-13,0.0,21.758467467,20.8872379987
510,925.55,50.918,32.6,5.4133948,57.5,8.1200922,0.0,0.0,29.09,23.72
511,918.07,51.71,242.4,2.5277422,271.6,3.6462122,0.0,0.0,80.47,74.92
512,919.42,53.114,199.6,5.8831522,211.0,7.1358386,0.0,0.0,67.91,80.61
513,915.9,69.134,115.2,1.9908766,110.3,2.7738056,0.0,0.0,71.73,65.87
514,920.832752405,66.0960493154,75.4454126583,3.32431596848,90.4986177234,4.3591561264,0.0,0.0,13.5218050584,15.1976703768
515,917.7,75.092,181.1,3.019869,200.9,3.7356898,0.0,0.0,35.53,51.02
516,912.64,53.996,177.7,6.822667,190.7,8.6345884,0.0,0.0,89.77,55.57
517,920.28,74.03,120.9,2.23694,119.8,2.8856526,0.0,0.0,13.48,10.37
518,915.35,62.042,166.5,2.572481,190.3,3.2883018,0.0,0.0,72.08,53.62
519,920.32,65.462,48.0,14.875651,64.1,18.4100162,0.0,0.0,8.04,8.62
520,921.120736761,62.2792846319,44.4733339733,21.535924003,55.8329831803,25.6120996121,0.0,0.0,12.0604912542,9.526350649
521,915.64,66.47,181.5,9.3727786,187.4,10.2004464,0.0,0.0,14.71,44.5
522,920.08,80.582,40.7,4.5186188,63.0,5.8831522,0.0,0.0,29.58,24.03
523,922.891208717,61.7607103312,33.3782080314,3.19467125079,52.4782328632,4.0803695764,2.98424420206e-14,0.0,9.96693475156,13.9721618146
524,918.2,48.38,165.3,2.3264176,153.3,4.138339,0.0,0.0,52.19,28.78
525,917.6,74.93,63.9,11.6544574,84.7,15.099345,0.0,0.0,53.83,66.71
526,917.35,77.756,40.5,2.0579848,96.7,3.8699062,2.27373675443e-14,0.0,26.39,27.33
527,915.1,57.038,186.9,4.1159696,201.6,4.9436374,0.0,0.0,90.93,90.66
528,919.58,62.114,192.3,4.5633576,207.6,5.6594582,0.0,0.0,76.03,57.93
529,921.09,68.666,50.7,14.204569,62.5,17.0454828,0.0,0.0,17.58,14.24
530,923.93,52.124,203.6,5.4133948,221.6,6.3976484,0.0,0.0,17.01,25.36
531,919.7,72.014,178.8,5.3015478,196.2,6.7779282,0.0,0.0,36.73,45.62
532,920.618454045,66.3606443168,64.8572277997,9.09234233245,74.4435649975,10.4537307736,6.48351492631e-15,0.0,17.4142388751,14.7198203257
533,922.055279521,60.0311462215,166.389440958,2.22199758155,195.836853014,3.11548522094,3.79683655527e-14,0.0,12.1928571011,16.2628006528
534,917.9,76.802,154.1,2.5501116,199.4,3.4001488,0.0,0.0,30.31,43.51
535,922.98,63.374,125.3,3.6462122,98.6,5.4133948,0.0,0.0,15.84,14.1
536,921.01855699,63.1699481269,122.753358136,3.04582631204,50.6609389607,3.75775872202,2.10892939178e-14,0.0,18.57590505,21.0417981166
537,917.331489311,74.8923897755,72.3480658609,4.38934576703,99.7450675876,6.07666702483,0.0,0.0,9.24289162143,10.4788827783
538,919.55,59.09,49.0,20.8930196,58.5,24.6958176,0.0,0.0,12.86,9.82
539,917.831063436,70.4665214704,102.659479911,2.39525545494,141.836283202,3.46339845187,0.0,0.0,25.1254279026,20.1150635369
540,921.560985822,77.3181718859,51.5336414217,5.84728949942,74.5138940237,7.96493981625,0.0,0.0,13.0606746678,17.4632717157
541,921.34370532,63.4622047015,74.8009503024,5.01446473579,90.7465562275,6.20525011017,0.0,0.0,11.2544411605,12.6517576299
542,915.78,51.08,186.1,3.6462122,212.0,4.6080964,0.0,0.0,89.73,63.44
543,919.32,67.532,142.6,1.0961006,124.1,1.7448132,0.0,0.0,16.76,18.76
544,923.78,64.454,150.3,4.0041226,179.1,5.5699806,0.0,0.0,10.97,17.78
545,911.27,59.828,218.3,2.2593094,235.9,2.9751302,0.0,0.0,86.73,54.06
546,919.9,70.484,46.1,21.0496054,65.0,26.7985412,0.0,6552.5,15.72,9.5
547,916.44,43.358,136.7,18.5889714,199.5,22.3917694,1.25055521494e-13,0.0,92.6,92.28
548,921.106462005,66.3626763522,69.6623281043,5.79912856338,94.2318972918,8.18849214424,0.0,0.0,9.52932173053,11.156443651
549,915.9,53.726,191.2,2.9751302,208.6,3.7356898,0.0,0.0,66.11,56.55
550,916.51,75.47,137.7,1.0513618,180.5,1.6105968,0.0,0.0,26.94,37.42
551,914.9,53.942,164.5,4.0041226,185.2,4.9883762,0.0,0.0,75.77,59.58
552,923.8,59.972,209.4,3.0422384,242.1,4.3396636,0.0,0.0,32.3,44.46
553,917.508967138,74.6807934677,177.359455406,3.29683115893,191.696608452,3.96213114172,0.0,0.0,12.7218396212,11.8073406544
554,924.11,55.184,212.3,3.6685816,226.6,4.6752046,3.06954461848e-13,0.0,48.68,44.04
555,921.410217327,72.8844453488,160.592009417,3.68599997035,218.386760207,6.27877123642,0.0,0.0,12.3832296899,11.1831795521
556,916.814580679,81.9758034383,158.908365078,2.15506590973,81.4270939378,3.04532391681,0.0,0.0,26.454039974,19.3019200519
557,921.880414629,65.9663844054,199.007292426,4.49788067183,207.247921653,5.32694670483,0.0,0.0,10.3539587453,15.320307329
558,920.34,58.694,201.8,1.230317,249.4,1.789552,0.0,0.0,25.82,41.97
559,918.6,87.44,40.9,3.4001488,53.5,4.4067718,0.0,0.0,12.11,12.52
560,917.44,64.778,34.6,19.1705758,62.4,25.8590264,65.534,13104.0,13.31,8.56
561,921.17,70.322,52.1,17.6941954,70.5,22.1904448,0.0,0.0,9.42,5.3
562,921.61,64.868,65.3,11.7663044,82.0,15.211192,0.0,0.0,13.22,17.8
563,917.71,62.69,46.8,11.9452596,65.8,15.1440838,0.0,0.0,33.77,25.72
564,914.14,71.24,207.6,1.7224438,232.9,2.3264176,0.0,0.0,24.2,41.38
565,916.07,77.666,198.1,2.3264176,216.7,3.0646078,0.0,0.0,28.45,37.8
566,916.1,51.224,199.9,3.2659324,220.1,4.026492,0.0,0.0,88.43,61.12
567,916.31,45.428,183.1,8.3437862,194.6,10.0885994,0.0,0.0,86.15,90.58
568,917.4,69.278,169.1,1.5882274,174.5,2.2145706,0.0,0.0,22.24,26.37
569,915.41,80.6,162.8,1.342164,194.5,2.0803542,0.0,0.0,41.22,33.94
570,915.0,58.01,190.1,1.2079476,246.4,2.23694,0.0,0.0,73.28,58.09
571,923.296931055,71.3124522843,197.449807009,3.97095703935,211.086679786,5.27127554919,3.97684526101e-14,0.0,13.800385983,15.6589192476
572,912.9,71.87,129.2,1.4316416,160.0,2.0579848,0.0,0.0,51.84,55.49
573,917.21,82.742,171.6,2.7738056,204.3,3.6238428,0.0,0.0,24.62,33.86
574,920.35,47.57,192.1,6.263432,205.7,7.605596,0.0,0.0,54.55,66.0
575,915.6,69.53,174.7,9.618842,180.2,10.849159,0.0,0.0,39.26,51.09
576,918.6,64.382,177.1,2.460634,190.7,3.0646078,0.0,0.0,34.98,57.27
577,920.57,65.138,308.5,2.013246,123.5,2.7514362,0.0,0.0,17.16,15.63
578,913.41,63.482,48.4,4.2278166,28.9,4.7870516,0.0,0.0,49.2,54.82
579,919.684864337,70.0016754809,134.352545716,1.52969602841,122.465711824,2.17840862841,0.0,0.0,15.513380182,15.5712377216
580,923.043602596,72.3169529608,197.926153144,4.02156422478,211.396852987,5.23595681487,3.66660072209e-14,0.0,13.1246932562,14.9056100971
581,913.61,79.628,180.5,3.2659324,187.9,3.7580592,0.0,0.0,12.76,36.69
582,923.477203391,67.6418177959,54.3521264881,10.295932354,80.1256748261,13.8020110759,0.0,0.0,10.3744844653,10.4147951996
583,916.011759374,69.7632456396,213.731780291,2.19672589127,120.371543848,3.30240478141,0.0,0.0,24.877132135,22.5476740934
584,917.9,82.886,46.8,3.8922756,77.4,5.1225926,0.0,0.0,41.67,34.96
585,919.69926216,70.3197155649,47.1858529299,11.7313850898,66.4434117196,15.454416431,0.0,0.0,10.9640935657,12.5561465722
586,916.2,82.814,55.0,6.9568834,91.5,9.4398868,0.0,0.0,48.92,39.21
587,918.37,72.932,184.5,2.013246,186.7,2.7738056,0.0,0.0,8.81,16.03
588,913.8,68.954,139.6,2.23694,188.5,3.5343652,0.0,0.0,35.16,60.2
589,916.76,87.008,119.5,2.3711564,44.6,3.1988242,0.0,0.0,19.02,16.05
590,919.656444112,76.6007282765,167.909220388,1.31322447048,199.875798877,1.81824110819,4.33597375611e-14,0.0,18.629713037,22.798422566
591,915.6,76.28,188.4,1.8566602,173.8,2.3711564,0.0,0.0,21.61,43.05
592,926.52,65.516,56.9,17.4928708,67.4,20.7140644,3.06954461848e-13,0.0,15.48,12.73
593,916.04,62.132,50.2,3.7580592,63.9,4.6752046,0.0,0.0,26.11,29.46
594,919.0,77.45,87.7,2.013246,75.4,3.5119958,0.0,0.0,19.99,38.76
595,917.12,45.896,179.2,3.4001488,195.0,3.9817532,0.0,0.0,89.03,66.87
596,917.04,42.134,171.3,12.415017,190.0,16.553356,0.0,0.0,83.25,91.68
597,920.53,81.95,59.3,10.1557076,79.3,12.7058192,0.0,0.0,19.8,13.02
598,917.2,51.08,206.7,1.9685072,237.8,2.9527608,0.0,0.0,73.98,56.85
599,918.662540687,73.4883161162,177.579092773,2.39178193566,190.723245954,3.03208421235,0.0,0.0,14.8163783897,12.949078641
600,919.73,67.118,206.3,2.5053728,229.8,3.2659324,0.0,0.0,64.08,50.93
601,917.706383176,81.4507865563,121.881915022,1.7346994472,83.951064379,2.42779392896,0.0,0.0,15.9051063805,19.5282444773
602,916.52,51.638,190.8,7.4042714,198.0,8.388525,0.0,0.0,91.69,78.51
603,921.54,45.284,192.1,8.4108944,200.2,9.3727786,0.0,0.0,77.13,68.27
604,920.557965182,72.2660523318,182.188980286,4.5131589024,189.309714933,5.20640488207,0.0,0.0,12.2325953773,15.5432091207
605,917.741046179,54.7961722446,62.9887248501,7.08623737798,71.9203999867,8.29549591424,5.43133148785e-15,0.0,21.2530861772,19.6615135616
606,916.4,78.512,182.5,3.914645,191.6,4.6304658,0.0,0.0,34.71,27.88
607,916.08,61.286,155.4,1.9685072,191.4,2.684328,0.0,0.0,62.12,55.56
608,917.58,69.368,180.7,6.9568834,191.7,8.6345884,0.0,0.0,28.63,37.82
609,916.31,79.502,175.7,6.71082,187.0,8.1424616,0.0,0.0,24.16,41.57
610,918.7,77.792,170.4,2.8856526,188.1,3.7133204,0.0,0.0,45.63,32.24
611,917.0,78.008,239.4,1.1408394,188.3,1.7448132,0.0,0.0,25.4,28.64
612,919.6,,196.5,4.7870516,213.3,5.9502604,0.0,0.0,51.42,54.72
613,912.9,37.04,303.7,4.2725554,291.5,5.8607828,0.0,0.0,92.62,72.31
614,919.39,65.876,184.8,3.9593838,192.8,4.809421,0.0,0.0,48.17,45.35
615,913.27,40.1,190.4,12.9295132,201.4,14.9203898,0.0,0.0,81.45,91.06
616,919.12,56.408,179.5,5.1897008,191.2,6.375279,0.0,0.0,57.4,79.06
617,923.553328275,64.8307335484,63.1566533919,10.4400672316,72.7951514006,12.1974473989,3.96391125864e-14,0.0,13.6993330814,15.8799816672
618,920.642192555,72.6005467163,121.490239719,2.42598736993,116.956117716,3.22473756511,0.0,0.0,13.7965831221,10.8703623075
619,919.7,78.53,187.0,4.9436374,193.8,5.7265664,0.0,0.0,8.48,8.03
620,917.4,73.868,181.7,4.138339,189.8,4.7646822,0.0,0.0,58.91,47.53
621,920.93,63.824,196.4,7.6503348,204.0,8.5674802,0.0,0.0,20.63,26.89
622,917.4,74.048,182.1,3.0869772,201.1,3.8922756,0.0,0.0,36.13,24.27
623,921.09,72.41,180.2,1.2750558,189.6,1.901399,0.0,0.0,17.3,13.96
624,915.92,47.444,204.7,4.1159696,224.1,5.3462866,0.0,0.0,72.38,71.9
625,911.2,56.336,185.2,7.7398124,191.6,8.9253906,0.0,0.0,72.63,65.82
626,912.39,41.522,35.3,3.8475368,50.5,4.5633576,131.068,39301.0,86.74,92.11
627,917.8,73.778,181.9,0.9395148,185.3,1.5434886,0.0,0.0,11.48,18.49
628,922.683536101,71.1209269296,68.6070593345,5.59643220941,92.6242356007,7.15099631226,0.0,0.0,12.997273897,14.5796749394
629,914.98,84.362,178.4,1.4316416,209.3,1.9685072,0.0,0.0,37.64,35.52
630,919.576333233,71.4914430744,50.7896265113,4.29322251237,77.7525883679,5.5699806,0.0,0.0,14.7351557024,17.4535986783
631,913.32,79.214,95.9,2.8409138,129.1,4.1159696,0.0,0.0,17.69,13.69
632,917.94,46.616,208.2,4.6752046,221.4,5.5476112,0.0,0.0,85.75,80.93
633,913.63,45.356,185.6,9.6412114,197.2,11.743935,0.0,0.0,64.9,64.71
634,914.97,67.046,191.9,3.2883018,203.2,3.8475368,0.0,0.0,26.47,48.9
635,922.57,69.368,193.5,2.6395892,220.2,3.6014734,0.0,0.0,19.95,19.68
636,916.64,55.256,139.8,2.3711564,138.1,3.3330406,0.0,0.0,62.33,91.12
637,921.39506607,62.3383929819,64.9693324159,8.32677591348,80.0159944956,10.5696777521,0.0,0.0,17.5600120408,18.4613351681
638,914.96,66.776,172.7,4.9883762,183.0,5.816044,0.0,0.0,27.4,45.19
639,915.6,70.286,121.7,1.7671826,165.3,2.5277422,0.0,0.0,52.36,56.31
640,923.77,71.78,197.5,3.8699062,211.3,5.144962,4.54747350886e-14,0.0,13.7,15.94
641,919.71,43.682,210.3,5.0107456,225.4,6.5766036,0.0,0.0,82.15,60.98
642,917.67,38.678,177.7,15.7480576,186.4,18.9916206,0.0,0.0,90.06,90.63
643,917.0,44.636,174.2,10.0885994,186.7,12.7281886,0.0,0.0,91.8,89.93
644,917.551317621,74.7754810836,71.9283936335,4.24852852817,100.22469299,5.88444031782,0.0,0.0,9.50868403213,11.3472046012
645,916.17,56.57,239.1,7.717443,254.7,9.6635808,0.0,0.0,70.8,89.4
646,919.66,66.92,105.4,2.2145706,147.0,3.1988242,0.0,0.0,28.14,22.72
647,918.3,51.836,203.5,1.677705,189.8,2.2593094,0.0,0.0,61.38,51.07
648,920.891665009,63.187625522,74.0486964148,5.53433006381,88.8171834606,6.72619979658,0.0,0.0,11.345961869,13.8906281072
649,913.07,44.024,196.7,12.6610804,211.8,16.2401844,0.0,0.0,72.22,85.56
650,923.324516355,68.9089418427,55.5927958385,11.2565953447,81.2568810653,15.0909271053,0.0,0.0,8.54148424471,7.36602180609
651,921.8,53.6,129.7,2.8632832,168.9,4.2054472,0.0,0.0,17.06,25.87
652,916.5,74.588,101.2,1.8342908,132.4,2.5948504,0.0,0.0,33.73,37.01
653,925.3,72.77,227.2,2.6619586,221.8,3.5343652,4.54747350886e-14,0.0,15.79,17.66
654,918.0,75.74,181.7,4.9436374,193.4,6.151585,0.0,0.0,28.38,38.4
655,916.9,68.378,333.0,0.6934514,143.8,1.2750558,0.0,0.0,20.19,29.47
656,911.6,46.346,110.2,2.3040482,96.1,3.1540854,0.0,0.0,90.51,62.49
657,911.24,54.176,190.7,1.8790296,154.3,2.684328,0.0,0.0,63.64,51.36
658,917.93,48.056,258.2,2.684328,287.6,3.8922756,0.0,0.0,82.81,52.98
659,921.075063209,76.4237603157,57.1232478159,9.63070352092,77.310666482,12.3873401179,0.0,0.0,7.81065300234,7.43404443214
660,915.91,54.194,73.6,1.7671826,75.6,2.4382646,2.27373675443e-14,0.0,90.81,52.08
661,922.619900883,72.4948600792,68.5450057096,5.09430891521,75.8692908801,5.93806085192,2.09211086676e-13,0.0,10.800377436,18.2123789586
662,920.203416106,45.2572435487,163.747043302,4.88563133944,190.666014845,6.46199296911,8.02730600677e-15,0.0,35.0953856715,23.2910419527
663,919.430601509,69.6560299225,152.180912265,2.22189135714,172.424725307,3.23445238857,0.0,0.0,12.0967084582,13.3627089087
664,918.1,58.766,188.1,4.6304658,199.9,5.8607828,0.0,0.0,87.9,61.66
665,915.863398853,74.8980153628,177.262230757,5.86075078827,188.449066133,6.75239999172,0.0,0.0,16.8108901983,23.2299472826
666,918.810874345,75.1642006576,115.227345115,3.14583091757,48.8276795708,3.96343800955,0.0,0.0,21.1563274427,19.5715671319
667,918.577013712,73.8033253816,184.889123518,2.46935968434,187.805110791,3.23340106819,0.0,0.0,8.75863569562,14.7848047422
668,916.167177073,77.996362096,149.491540939,1.32249033791,144.069687518,1.84070352143,0.0,0.0,18.323668833,20.3304565369
669,922.19469975,70.6112809294,228.003094892,3.45240763891,235.452613169,4.54039124952,2.11277167691e-14,0.0,15.3830985879,20.0157450175
670,916.5,85.586,121.1,1.2974252,80.6,1.7448132,0.0,0.0,15.92,20.77
671,916.21,72.284,171.3,3.7356898,194.5,4.5633576,0.0,0.0,41.5,70.77
672,914.8,67.658,193.3,1.6105968,221.2,2.23694,0.0,0.0,30.27,48.12
673,920.070999218,65.2542052808,65.477498045,8.4412256765,76.8878775472,9.97718560843,0.0,0.0,14.5028583653,13.2214446387
674,919.23,52.844,205.6,7.2924244,214.5,8.2319392,0.0,0.0,80.93,71.77
675,921.423781425,61.6502082766,197.912023528,4.04682734994,105.717453373,6.24518361165,0.0,0.0,22.1128377954,18.9896165198
676,918.3,64.004,71.7,6.6213424,82.5,8.0306146,0.0,0.0,8.73,18.75
677,916.3,49.712,178.0,2.8185444,199.6,3.6238428,0.0,0.0,90.89,89.97
678,919.058263611,68.4943728353,161.48582235,0.879509685839,193.838842407,1.31503741719,4.17742122952e-15,0.0,17.5149157583,17.3726005728
679,921.99785908,53.6311316911,48.5427143388,5.24328021036,63.8456091579,6.82059078446,,0.0,19.5684533116,22.4824553929
680,918.3,83.894,62.2,2.7066974,74.6,3.35541,0.0,0.0,19.12,25.3
681,922.502176131,54.9295649482,43.8471062673,7.76065068453,65.4571313351,10.0970224846,1.16077297104e-13,0.0,17.9809451772,23.2533578201
682,921.397538667,67.6909626345,50.1757863626,14.4195519832,62.9368446978,17.4402697328,0.0,0.0,17.2462506509,14.281937091
683,921.413539949,62.5558163172,64.997753767,8.62240829823,80.1865226017,10.9686225293,0.0,0.0,17.1869818087,18.4044924661
684,921.37,60.98,42.5,21.5417322,53.6,25.6353324,0.0,0.0,11.98,10.23
685,921.762301134,62.9689283036,144.483649344,2.42254854765,142.618370175,3.85628244285,2.52467348409e-14,0.0,17.193330344,19.9981293238
686,914.61,49.442,178.9,6.2858014,190.2,7.5161184,0.0,0.0,79.46,48.61
687,922.85,63.086,47.7,15.434886,65.0,19.3047922,0.0,0.0,15.67,14.48
688,922.964042563,69.2354156641,198.146489923,4.13985591132,209.532927544,5.22209048895,2.58754297724e-14,0.0,12.2561725059,15.6943338294
689,919.01,60.044,147.8,2.348787,62.9,2.908022,0.0,0.0,28.47,39.52
690,915.0,55.04,191.8,5.368656,220.9,7.0687304,0.0,0.0,73.55,69.67
691,920.124369918,69.1681074169,46.7164008727,20.859323856,65.0739681047,26.6220481737,0.0,5744.7066563,15.0986679203,9.31877814342
692,919.2,66.848,36.7,2.9527608,52.5,3.6685816,0.0,0.0,31.72,64.46
693,919.741054029,58.774073348,57.4804485444,5.32565929767,69.7601834954,6.40596221452,0.0,0.0,18.2302446606,22.5203364083
694,925.332142167,63.0154647137,40.4882993414,8.32808199731,65.1941991618,11.2189914733,1.98599720585e-13,0.0,17.3440704849,19.2380261026
695,923.261447875,57.7449206,48.6824959236,11.4665109123,68.2930307644,14.884074238,0.0,0.0,18.263052397,16.7541058811
696,919.08,72.752,166.0,2.460634,198.9,3.131716,0.0,0.0,41.95,59.69
697,921.34,70.016,100.1,2.23694,148.2,3.3106712,0.0,0.0,6.29,10.46
698,918.35,75.92,126.3,1.6105968,169.0,2.572481,0.0,0.0,16.22,42.53
699,912.98,46.994,190.2,5.6594582,202.6,6.822667,0.0,0.0,91.33,67.17
700,918.14,79.106,244.3,2.2816788,230.5,2.8856526,0.0,0.0,20.13,19.59
701,912.93,47.21,180.8,12.3702782,192.8,15.0322368,0.0,0.0,91.92,91.71
702,913.7,64.886,185.9,3.467257,197.0,4.0936002,0.0,0.0,38.22,40.37
703,908.56,34.79,255.2,14.428263,273.5,18.6337102,327.623,39293.0,91.64,73.26
704,924.856641629,60.7733094325,44.0909323228,15.1926879645,63.6285542827,19.7246021282,0.0,0.0,13.7788485372,12.7909563271
705,917.69,54.824,201.1,2.125093,222.8,2.7514362,0.0,0.0,90.67,57.14
706,921.88,47.57,45.6,13.2203154,67.4,17.4033932,4.54747350886e-14,0.0,31.99,17.14
707,916.7,69.476,302.1,2.1027236,292.8,2.9303914,0.0,0.0,19.36,25.28
708,917.1,61.502,189.1,,197.5,4.3396636,0.0,0.0,32.68,52.19
709,918.03,50.666,128.9,2.5277422,117.4,4.0041226,0.0,0.0,76.88,47.03
710,919.49,85.55,95.8,3.1764548,51.2,4.0488614,0.0,0.0,16.08,21.39
711,914.21,64.472,99.1,11.967629,110.7,14.1598302,65.534,19657.5,44.44,42.95
712,920.834392013,71.0584727671,180.839019968,3.77659212375,188.481715055,4.43867155695,0.0,0.0,13.9930716641,16.7077858636
713,914.118747147,82.5296382443,120.816112379,2.59839690234,139.35933187,3.42137341298,0.0,0.0,19.9439377523,23.8684647058
714,916.18,61.304,173.6,1.7224438,209.4,2.5277422,0.0,0.0,78.78,62.25
715,917.0,51.296,151.7,3.0646078,183.2,4.8541598,0.0,0.0,23.29,57.4
716,924.355960697,71.8797716863,196.866528976,6.0663130433,216.52613595,7.62477617792,9.46607631816e-15,0.0,15.3707798266,17.6028614388
717,917.216153104,84.3027251925,201.349264246,1.65123083899,97.0023854471,2.67073736799,0.0,0.0,17.8456919453,18.3072565287
718,922.099839503,70.0682294607,62.163403783,3.63566200487,72.9951056746,4.06844751093,0.0,0.0,16.1597028451,22.8081836955
719,916.64,68.9,195.0,2.9527608,208.0,3.6685816,0.0,0.0,26.01,35.95
720,915.3,80.276,148.7,1.342164,145.6,1.789552,0.0,0.0,19.27,20.29
721,920.150494686,74.4555383279,199.623443117,4.62559038022,211.782600709,5.59837250813,1.58245634298e-15,0.0,10.8333517915,10.7858244332
722,922.500166265,58.668092648,55.1943009521,18.3808211269,75.414336507,23.6414745389,2.51197624417e-14,0.0,10.6387237256,10.3181449321
723,922.732948139,70.7550516624,197.389967972,4.09142773955,210.832363882,5.42186392443,3.29655418166e-14,0.0,13.9200640553,15.3238206451
724,914.07,47.048,319.9,3.7356898,229.9,4.921268,0.0,0.0,92.14,73.08
725,916.26,63.986,124.2,2.572481,154.0,3.5119958,0.0,0.0,37.47,40.69
726,914.0,73.454,173.7,4.5409882,181.1,5.2791784,0.0,0.0,33.74,51.9
727,916.894286862,83.5136397948,283.150398122,2.05929122713,195.240962056,2.76138555413,0.0,0.0,25.9465055315,23.2144437338
728,920.522291201,66.5507972682,165.322169213,3.70555547981,210.696101818,5.72871971954,2.11033638435e-14,0.0,19.3064384945,16.6267328956
729,916.75,54.572,233.5,1.5211192,231.8,2.2816788,0.0,0.0,89.84,54.5
730,916.52,76.892,205.1,2.5501116,223.8,3.4001488,0.0,0.0,33.89,45.9
731,926.37388566,65.5486310177,48.265877628,9.85847217506,65.8648788897,12.6500839304,0.0,0.0,11.4722396972,9.56875904111
732,919.367524837,74.4243007644,251.946876035,2.19164931117,231.20431753,2.77311573896,0.0,0.0,17.03100287,20.4553043934
733,925.5,47.102,58.7,4.1159696,76.4,4.8765292,0.0,0.0,23.03,44.33
734,925.185495643,66.8241020388,50.7693488427,11.9542407741,77.7264205692,16.1694392158,0.0,0.0,13.3591165388,12.9117461479
735,917.02,53.258,180.2,3.131716,216.6,4.4515106,0.0,0.0,25.09,28.43
736,915.63,72.356,165.3,3.802798,179.0,5.256809,0.0,0.0,52.34,48.98
737,918.503047002,66.6344064618,90.8868927005,3.4420904584,89.4185686744,4.37818456342,0.0,0.0,20.5665991226,14.3754500066
738,922.99,55.76,41.2,9.283301,66.1,12.1018454,0.0,0.0,16.82,23.45
739,920.18,62.744,32.6,3.019869,51.3,3.8251674,0.0,0.0,45.21,52.1
740,922.769280463,62.8110193559,195.829683017,4.39330378736,205.308036639,5.25528679157,2.32531169243e-14,0.0,16.5474583595,14.8024109918
741,923.317511966,56.0122269752,51.8376295851,15.4101976072,70.3600727606,20.032477794,1.41813904735e-14,0.0,17.9956065548,18.3518745037
742,922.04,68.576,58.3,9.5517338,81.9,12.5716028,0.0,0.0,7.54,7.74
743,916.26,69.008,68.6,2.7066974,79.5,3.2659324,0.0,0.0,42.79,51.14
744,922.56105885,65.3602181312,229.52071499,2.1030048481,239.919654619,2.87152919469,0.0,0.0,10.946088768,13.1733621151
745,922.936778655,56.8255496067,49.7287139149,12.7152601452,66.1733508351,16.4398024307,0.0,0.0,16.1230743694,21.1255765489
746,916.25,79.754,48.6,1.0737312,99.8,1.5882274,0.0,0.0,41.99,38.23
747,920.934360363,66.9829279628,198.034360363,4.58720004966,208.419755331,5.74456395469,0.0,0.0,12.4591602597,14.5212535823
748,924.05,47.246,47.9,13.980875,68.3,17.8507812,3.06954461848e-13,0.0,16.71,13.27
749,912.335164253,80.3145201514,210.452444258,1.33867780271,146.266640623,1.9089968971,0.0,0.0,20.0136742192,24.1542158784
750,923.131290267,65.371203484,150.03971523,3.84512590664,178.709572846,5.35947793555,0.0,0.0,11.172221244,17.3635443688
751,921.39,46.67,46.0,1.7000744,72.7,2.2145706,0.0,0.0,38.09,35.18
752,915.56,57.308,180.0,9.4846256,185.1,10.3794016,0.0,0.0,37.21,65.04
753,916.25,55.67,176.4,6.6660812,188.2,8.3437862,0.0,0.0,72.55,74.39
754,917.081143299,75.6489962785,183.106915898,3.20585441818,201.211879544,3.96735594833,0.0,0.0,33.7665446274,23.1875654092
755,921.325914949,47.276993932,45.4671210388,11.8529050318,67.3735516274,15.5481515931,2.92218464122e-13,0.0,23.3567639904,21.3040228065
756,921.65,62.87,56.7,10.7149426,77.3,13.7124422,0.0,0.0,21.11,20.89
757,916.63,65.228,188.5,1.1855782,225.7,1.8342908,0.0,0.0,15.09,22.77
758,915.15,43.268,171.9,3.467257,136.5,5.033115,0.0,0.0,30.6,33.56
759,923.27,63.554,78.9,10.5583568,80.2,15.099345,0.0,0.0,18.67,17.28
760,913.66,80.204,146.6,2.3040482,145.3,3.0646078,0.0,0.0,28.26,48.96
761,917.97,51.602,198.3,3.0422384,213.4,3.7356898,0.0,0.0,88.26,64.48
762,919.9,56.048,58.8,3.8699062,70.3,4.5409882,0.0,0.0,18.95,23.51
763,917.85,65.372,129.9,1.454011,176.2,2.23694,0.0,0.0,39.37,46.6
764,916.9,73.292,239.7,1.5211192,275.3,2.348787,0.0,0.0,35.33,42.02
765,920.476791726,74.1957540198,57.101071938,5.4990463641,73.4508039535,6.63366608392,0.0,0.0,14.9406422203,17.7919793152
766,920.216921979,45.7105724042,195.775557073,5.97625158513,210.95981193,7.36194712342,1.80859451286e-13,0.0,67.7869876454,21.457644839
767,917.65,82.436,108.0,2.2145706,62.8,2.8409138,0.0,0.0,7.13,17.61
768,920.0,68.054,197.1,4.6752046,209.6,6.151585,0.0,0.0,14.5,13.7
769,915.5,70.088,178.9,5.9502604,190.6,7.1358386,0.0,0.0,35.59,45.85
770,918.080236886,80.1005190729,226.627804656,1.68728613636,145.173394764,2.53413633182,0.0,0.0,12.1732062599,20.1460317038
771,920.92,74.21,60.9,8.4556332,76.3,10.6702038,0.0,0.0,15.74,18.9
772,924.9372912,67.754108891,54.3657805697,13.8578468782,77.2705348574,18.3336580603,0.0,0.0,11.8597590864,10.6576445725
773,914.12,63.752,181.7,5.256809,189.0,6.1292156,0.0,0.0,42.29,49.38
774,912.5,49.316,189.0,23.152329,193.6,24.941881,0.0,0.0,83.31,87.98
775,919.61,70.25,119.4,3.4001488,162.6,5.0778538,4.54747350886e-14,0.0,19.64,16.03
776,922.487822757,61.0852413747,134.810826005,3.3811028922,149.488026493,5.24926697023,4.54747350886e-14,0.0,19.8102853702,19.0525653214
777,916.05,87.188,210.0,1.565858,109.3,2.5948504,0.0,0.0,12.88,14.83
778,921.052191517,58.9980297125,55.6643830345,14.0063025224,75.1465707036,17.8406597841,1.49505498935e-14,0.0,14.7953521653,9.50082441649
779,914.2,72.392,212.9,2.2593094,227.2,2.9527608,0.0,0.0,23.03,23.34
780,920.02,74.552,199.7,4.6528352,211.8,5.6147194,0.0,0.0,10.73,10.6
781,924.46,53.456,,3.8922756,201.6,5.2120702,0.0,0.0,25.21,27.66
782,917.6,69.656,328.3,1.5211192,227.8,2.348787,0.0,0.0,13.38,20.56
783,921.776500095,47.9274533303,44.6996349731,12.9511462937,66.8530492827,17.1003426678,4.16482060156e-14,0.0,32.659804263,16.846329538
784,922.18,42.476,195.4,7.1358386,208.5,8.4556332,0.0,0.0,84.08,77.87
785,915.97,63.734,205.7,2.3935258,220.3,3.0869772,0.0,0.0,87.25,61.89
786,914.35,44.024,189.4,5.144962,198.5,5.927891,0.0,0.0,85.3,91.71
787,918.4,46.382,177.1,8.4556332,193.4,10.6702038,4.54747350886e-14,0.0,71.69,91.34
788,918.972054198,73.1765475006,176.056793002,0.972831444777,129.253662773,1.47342396269,0.0,0.0,12.9280414456,16.0884131554
789,924.446196847,61.0586416862,159.956111607,2.31294866816,168.994766923,3.39322207387,0.0,0.0,10.1690667117,13.9998942935
790,922.2,45.68,285.7,2.2816788,281.5,3.3106712,3.06954461848e-13,0.0,20.11,32.18
791,912.34,68.702,251.8,1.5882274,288.3,2.4158952,0.0,0.0,25.94,47.31
792,918.2,89.204,225.5,1.1855782,265.0,1.7671826,0.0,0.0,26.57,29.36
793,916.22,68.252,183.1,9.9320136,190.8,11.1623306,0.0,0.0,24.66,40.47
794,921.836118446,60.683645422,76.2373527732,2.46143205727,62.1250446431,2.98901631104,3.47509390386e-14,0.0,22.088255414,23.8587192249
795,919.953462966,68.7088041291,55.2728189615,16.0855501409,74.4012636833,20.7806072433,0.0,0.0,14.9114167471,9.65206075158
796,916.84,50.54,119.9,1.006623,138.6,1.6329662,0.0,0.0,90.24,70.94
797,917.352737546,83.5849406701,118.265130112,2.59505050343,45.8218712577,3.4198105878,0.0,0.0,19.6374349441,17.0677927604
798,923.201855328,56.6641438668,43.4210639208,9.73427764137,66.4417021417,12.6216150884,0.0,0.0,17.2163744843,21.0580850084
799,917.4,70.736,187.0,1.1855782,220.7,1.7224438,0.0,0.0,39.45,49.96
800,913.5,66.11,153.8,2.1698318,202.9,3.0869772,0.0,0.0,53.19,56.24
801,918.1,73.454,198.9,1.454011,175.3,2.23694,0.0,0.0,19.25,36.91
802,922.89238348,62.5399223257,48.4361341198,15.799153314,64.710007771,19.9285376007,0.0,0.0,14.1598096997,14.4755385811
803,921.599102988,49.8959822525,46.7084532966,12.0244979759,66.8734711539,15.623004204,2.16344920008e-13,0.0,20.2795164493,21.902535989
804,916.569144065,85.5851674962,120.514934831,1.3408779577,79.9201218989,1.79809455766,0.0,0.0,15.9237000169,20.7843375654
805,917.07,47.102,162.2,4.5409882,184.1,6.487126,3.06954461848e-13,0.0,69.87,82.61
806,918.57,76.046,209.2,3.131716,222.7,3.9817532,0.0,0.0,25.72,23.28
807,915.2,66.56,48.9,4.47388,59.9,5.2120702,0.0,0.0,38.4,90.3
808,921.8,53.492,305.9,3.0869772,275.6,4.2054472,0.0,0.0,23.67,26.65
809,918.99,60.854,219.6,1.677705,256.4,2.6395892,0.0,0.0,73.05,56.63
810,919.0,52.79,206.0,1.7671826,247.1,2.6395892,0.0,0.0,75.34,72.7
811,919.155749068,64.3030967616,69.4152330714,6.8350703823,81.2537634935,8.37443787587,0.0,0.0,9.25341933273,16.0955162412
812,919.813049343,69.3766400454,113.139480536,3.52438138061,50.8935666277,4.33707223281,0.0,0.0,22.2002597321,21.2924070952
813,921.852016243,69.5429538238,77.6084307643,1.65096169139,93.2143727625,2.27730489139,0.0,0.0,13.1205027992,18.8670543262
814,920.77,70.718,181.0,4.4067718,188.2,5.0778538,0.0,0.0,13.16,17.4
815,920.75,49.1,179.9,7.8740288,191.4,9.4846256,0.0,0.0,91.7,90.52
816,922.182538786,55.602572593,51.8967427716,14.3523363964,72.1039117615,19.0671794392,7.40607998607e-16,0.0,19.1276240757,17.7814322543
817,918.1,49.946,124.3,1.454011,144.1,2.23694,0.0,0.0,91.87,67.64
818,917.733141521,75.2519697815,40.2257767383,6.54581679295,59.2790565285,8.15571858612,0.0,0.0,21.9536596201,23.3846262735
819,911.9,59.072,199.8,1.2750558,239.5,1.8342908,0.0,0.0,77.63,59.13
820,915.47,79.538,68.0,2.9974996,88.4,3.8475368,0.0,0.0,44.79,35.68
821,917.69,64.994,178.3,2.9751302,193.9,3.7356898,0.0,0.0,54.88,52.07
822,922.575566605,55.7836301067,47.9707940823,7.70761005251,65.6377119554,9.92788890131,1.6624290363e-13,0.0,19.0144333945,19.9594913071
823,918.4,78.422,257.4,1.7671826,277.4,2.3040482,0.0,0.0,28.73,26.18
824,919.99,54.68,231.9,1.4763804,262.5,2.1698318,0.0,0.0,52.44,61.28
825,916.74,51.35,183.1,2.796175,204.5,3.8251674,0.0,0.0,75.44,63.36
826,918.84,68.954,45.8,3.8922756,82.5,5.5699806,0.0,0.0,14.74,17.41
827,924.94,57.164,53.2,14.0256138,69.5,18.6560796,0.0,0.0,19.24,17.77
828,910.41,46.76,166.0,14.092722,187.0,18.8350348,196.602,26206.0,92.2,91.52
829,916.3,45.698,178.1,6.5318648,196.9,8.164831,0.0,0.0,78.65,50.84
830,916.45,46.022,194.8,5.144962,207.8,6.1739544,0.0,0.0,78.01,73.7
831,917.41,79.988,166.9,4.8765292,176.9,5.8831522,0.0,0.0,26.1,26.17
832,926.61,66.974,40.1,7.8069206,64.7,10.737312,3.06954461848e-13,0.0,17.63,16.94
833,916.28,71.69,185.2,4.026492,200.0,4.7423128,0.0,0.0,43.06,42.05
834,920.149437305,64.3232804268,43.5613588656,21.8385067126,56.5187368805,26.9015703205,0.0,0.0,13.9435139014,9.87179138285
835,912.5,57.398,123.7,2.6619586,133.8,3.8699062,0.0,0.0,67.2,49.61
836,919.696074933,60.2609774244,49.18684003,20.9994068566,59.1284619191,24.8402003054,0.0,0.0,12.7631828935,9.42933448273
837,916.51,82.22,154.2,2.2145706,81.6,3.0869772,0.0,0.0,26.74,18.73
838,917.01,41.0,150.4,3.914645,55.4,6.151585,0.0,0.0,65.34,45.22
839,923.060298891,51.5196627155,49.9511940079,14.1414689273,70.2999141577,18.4472729301,1.49548673635e-13,0.0,17.9817402849,15.5673372889
840,923.6,59.882,192.8,4.2949248,203.5,5.1897008,4.54747350886e-14,0.0,22.47,14.26
841,917.61103226,66.0506697822,191.003524461,2.20143460142,221.013169323,3.09108750176,0.0,0.0,14.9182465777,20.1296550161
842,915.5,40.082,190.0,5.368656,197.9,6.0844768,0.0,0.0,92.3,74.27
843,922.293088653,54.8325798793,51.5412670407,14.2659603563,71.8502353647,18.9096696662,2.75286706177e-14,0.0,18.9675855652,17.3482190856
844,921.900422859,48.2516129303,46.1361000575,13.3116848219,67.8084571867,17.5404473329,4.16050512637e-14,0.0,30.9007808355,17.1919081008
845,913.87,66.938,171.9,6.5094954,182.3,7.4713796,0.0,0.0,57.43,53.38
846,914.43,74.246,176.9,4.2054472,194.4,5.1897008,0.0,0.0,19.45,24.12
847,914.13,49.712,177.7,3.3777794,189.8,3.9817532,0.0,0.0,90.11,70.17
848,924.72,63.518,29.7,1.3645334,47.7,1.8119214,4.54747350886e-14,0.0,7.32,15.11
849,915.05,45.446,194.5,9.8201666,208.1,12.526864,0.0,0.0,92.35,86.14
850,921.170205641,57.9613936494,55.900411282,16.7729231091,77.2236192817,21.9694714231,3.64171939522e-14,0.0,10.4524324109,8.38205052325
851,917.81,73.76,213.4,1.6105968,239.7,2.1474624,0.0,0.0,30.67,41.25
852,907.99,41.36,161.2,12.2584312,187.7,17.7613036,196.602,52409.0,89.68,92.16
853,917.2,74.138,176.0,3.0646078,191.4,3.7133204,0.0,0.0,13.32,12.34
854,915.2,82.148,177.7,8.5227414,189.3,10.5807262,0.0,0.0,39.59,26.98
855,920.538430202,75.6804024579,37.3348551401,1.80564068571,67.933309917,2.51224662857,0.0,0.0,15.1377524143,16.7461246678
856,916.27,71.726,189.5,12.2136924,194.9,13.4440094,0.0,0.0,16.09,29.09
857,917.06,79.178,218.8,1.4987498,215.7,2.2145706,0.0,0.0,34.3,51.65
858,917.1,69.872,57.7,2.684328,54.0,3.4896264,0.0,0.0,33.61,35.61
859,920.35869028,66.3923788646,50.1393309524,10.0524269776,66.491191604,12.9223061699,0.0,0.0,10.5325481621,11.8230146491
860,920.4,59.54,277.8,1.9461378,257.4,2.4830034,0.0,,43.63,56.25
861,919.186387073,73.20153267,181.18362978,1.08090984705,187.111995262,1.69430998352,0.0,0.0,13.9325145179,16.5810840608
862,922.676295167,68.3269340449,198.377303342,4.23623485517,208.902037531,5.24962733005,1.88779770347e-14,0.0,11.7406892023,15.6066247299
863,923.61,58.406,47.7,10.6030956,67.1,13.6229646,0.0,0.0,17.98,16.45
864,916.2,67.19,195.5,1.6105968,190.0,,0.0,0.0,74.4,69.72
865,916.0,81.518,98.4,1.7000744,99.6,2.5053728,0.0,0.0,21.36,33.28
866,911.77,38.93,216.2,14.6743264,225.0,16.6204642,0.0,0.0,88.54,90.93
867,922.391458637,64.1529334583,158.407952358,1.95228783973,168.567977895,2.91092816768,0.0,0.0,10.8553178848,13.005156284
868,924.14,55.562,222.4,3.243563,239.7,4.0488614,0.0,0.0,90.66,90.21
869,924.372660621,61.4334285635,158.890249456,2.49962404622,170.110204058,3.63349731295,0.0,0.0,10.2574754327,14.4171504068
870,913.07,57.614,217.2,2.5501116,239.7,3.2211936,0.0,0.0,76.67,64.23
871,917.2,44.096,207.6,1.789552,226.9,2.3040482,0.0,0.0,88.9,60.44
872,923.48,64.472,52.4,9.4846256,67.8,12.079476,0.0,0.0,12.0,11.24
873,908.9,37.49,291.2,4.4291412,314.7,6.3976484,0.0,0.0,63.76,59.22
874,926.55,62.762,67.8,14.8309122,88.8,18.790296,0.0,0.0,11.22,11.15
875,917.815457697,60.6170525228,213.615288393,3.5248092,224.79402995,4.23280657471,0.0,0.0,19.6096209559,19.0807827493
876,915.26,70.79,281.0,2.0803542,293.1,2.6172198,0.0,0.0,46.18,58.57
877,922.217665159,58.4156196315,55.372098851,18.2835998924,76.0069961701,23.6569415535,2.9611602638e-14,0.0,10.1932412121,9.78672676747
878,918.46,79.448,177.9,2.9303914,187.6,3.4896264,0.0,0.0,29.46,35.78
879,915.89,49.802,187.3,8.4780026,198.2,10.3570322,2.27373675443e-14,0.0,92.12,91.7
880,912.74,64.778,182.0,6.0173686,189.7,6.7779282,0.0,0.0,45.87,51.71
881,916.18,64.058,174.1,9.5293644,183.1,11.072853,0.0,0.0,36.17,56.55
882,922.286953846,74.2243634253,166.41486328,4.14484839803,210.64501132,6.86343294265,0.0,0.0,12.4725575617,12.5925748622
883,920.635159737,70.8533149646,56.154260184,9.11467111524,77.6925256239,11.8785257714,0.0,0.0,9.34126475701,12.8244789491
884,923.87,48.362,199.9,6.1739544,217.5,7.493749,0.0,0.0,42.84,22.53
885,915.01,60.602,179.8,6.3529096,194.5,7.6727042,0.0,0.0,51.96,44.95
886,922.18,75.218,146.3,0.9618842,95.6,1.5434886,0.0,0.0,14.65,14.05
887,915.71,43.61,199.6,7.3371632,210.2,8.94776,0.0,0.0,72.64,71.6
888,922.5,66.74,71.4,1.901399,94.3,2.5277422,0.0,0.0,12.71,19.99
889,921.587044621,,187.488360709,4.30041667873,71.3905184388,6.45314212918,0.0,0.0,25.2801435439,20.2662038942
890,919.93,68.414,195.6,5.816044,208.1,7.270055,0.0,0.0,19.67,29.02
891,919.52,62.24,294.2,2.0803542,232.8,3.1764548,0.0,0.0,39.3,64.24
892,924.79,68.306,56.5,14.987498,77.0,19.6179638,0.0,0.0,10.97,9.32
893,912.01,45.32,183.1,13.7795504,192.6,16.7323112,0.0,0.0,91.1,85.63
894,914.766985246,79.0157508949,226.387347467,1.61145606403,125.716785001,2.33564553604,0.0,0.0,18.0234335384,20.7203805154
895,916.21,67.568,91.0,2.013246,125.1,2.9751302,0.0,0.0,50.39,46.73
896,920.87,42.692,209.6,5.3239172,217.5,6.0173686,0.0,0.0,92.1,92.25
897,918.37,65.318,188.3,6.2186932,209.7,7.5608572,0.0,0.0,20.46,32.44
898,919.493147371,67.2859307337,47.4513146263,21.8725809886,61.1812748563,27.0498806352,0.0,0.0,14.3936674218,8.48778888653
899,925.3,70.466,64.6,6.7331894,72.3,7.941137,4.54747350886e-14,0.0,13.23,19.59
900,919.74,57.506,,1.9685072,245.8,2.8185444,0.0,0.0,37.44,65.96
901,924.318161927,73.2479348481,224.573984351,2.73049139353,221.931300782,3.59963452717,3.88404369794e-14,0.0,17.2386852996,18.4799004414
902,920.97,59.72,55.5,12.079476,73.7,14.9651286,0.0,0.0,17.82,10.28
903,919.727500682,56.6526633281,169.215693394,4.53890789296,191.415112157,6.13441840071,0.0,0.0,24.5812887188,21.2561066222
904,915.57,61.34,174.3,4.8988986,180.6,5.5028724,0.0,0.0,13.89,56.96
905,920.273682953,64.6216324139,169.934379943,2.75264303638,175.559294282,3.63796223102,0.0,0.0,10.3220843767,17.0172390624
906,920.88187266,68.6773994714,51.3417701574,19.1443734378,67.3533461532,23.4625307981,0.0,0.0,10.5080598241,6.14163512529
907,912.17,50.882,204.1,1.7224438,231.8,2.348787,0.0,0.0,91.13,81.43
908,922.626894258,69.7689107659,69.4690004225,4.45609257242,93.1414002535,5.72419454424,0.0,0.0,12.9086170994,16.2493779613
909,921.24035375,48.0247308619,164.285338619,4.14942216206,189.435590794,5.51524486326,1.47137634201e-14,0.0,28.4259977982,21.0871087767
910,918.72362923,56.7000161302,59.2205825899,8.59671635403,74.7345630576,10.4271216053,0.0,0.0,19.8899223777,17.7144731439
911,914.058191023,72.8542049591,218.978437087,1.48790576473,125.931696562,2.17635222538,0.0,0.0,25.6738855182,23.7266694802
912,917.8,69.89,180.2,2.9303914,194.4,3.9593838,0.0,0.0,20.8,40.4
913,917.18,48.29,225.7,9.3056704,236.3,11.2070694,0.0,0.0,91.42,69.31
914,918.3,78.854,88.4,2.8409138,108.4,3.9370144,0.0,0.0,15.77,44.52
915,921.748762674,74.0590873825,145.742105558,0.98212165504,99.8972950298,1.57384478256,0.0,0.0,14.9681506145,14.760184547
916,909.19,46.49,111.3,2.7738056,29.5,3.8922756,3.06954461848e-13,0.0,48.85,36.54
917,920.447269944,74.1948051054,56.8480280933,5.30211025793,73.2610210699,6.36479523239,0.0,0.0,14.887397578,17.7181748605
918,921.73,57.776,80.6,2.1027236,58.8,2.6619586,4.54747350886e-14,0.0,23.93,24.17
919,920.33,68.864,122.4,2.0356154,182.0,3.0869772,0.0,0.0,52.38,62.62
920,919.858256988,61.1115300897,163.572917788,2.83233044832,189.579518186,3.73776677146,4.54747350886e-14,0.0,21.324081801,20.370222546
921,920.53,73.724,24.9,1.677705,48.2,2.1474624,0.0,0.0,27.35,29.95
922,918.12,80.546,49.2,4.1607084,67.3,5.0778538,2.27373675443e-14,0.0,24.06,59.87
923,921.290213609,60.8506243712,109.983767634,4.07834965218,54.0714224091,4.88219561906,0.0,0.0,23.6349467174,23.8291115335
924,920.64,53.888,42.0,14.763804,64.9,19.4390086,4.54747350886e-14,0.0,19.11,20.44
925,921.35,61.808,64.9,7.605596,79.6,9.5964726,0.0,0.0,18.47,18.6
926,920.217285987,76.2524530641,184.469392293,3.57838138983,192.236977593,4.30303726744,0.0,0.0,11.7623470547,10.2368387794
927,919.537649729,76.0925689575,31.9305762183,1.52769096828,72.8229605372,2.07131843915,0.0,0.0,15.8155317098,21.5213143357
928,916.62,46.922,186.6,8.3661556,192.5,9.5741032,0.0,0.0,70.61,77.31
929,920.58,45.104,259.0,3.2659324,275.0,4.026492,4.54747350886e-14,0.0,85.27,90.26
930,918.8,80.384,189.6,1.7671826,80.3,2.7738056,0.0,0.0,24.59,23.03
931,919.0,61.25,182.2,5.6147194,191.5,6.7331894,0.0,0.0,32.16,41.2
932,923.257902931,47.1876969444,47.340526234,13.3814679401,68.1233240739,17.1986790139,3.06954461848e-13,0.0,18.4208118843,15.7493521628
933,919.2,70.25,156.7,2.013246,172.3,2.6172198,0.0,0.0,42.06,41.85
934,918.79,52.232,201.0,4.809421,214.9,6.0844768,0.0,0.0,32.08,39.52
935,918.7,49.244,187.7,5.5028724,202.6,7.3595326,0.0,0.0,24.4,43.02
936,922.877992975,62.7253326112,48.186193784,15.6754732775,64.8084691154,19.7167567163,0.0,0.0,14.6725660856,14.477053371
937,919.430976514,68.2831722816,140.091468373,1.2279822459,123.602917696,1.8766948459,0.0,0.0,16.3808302426,17.7901115046
938,916.6,73.004,162.9,2.4382646,187.8,3.243563,0.0,0.0,62.51,62.2
939,920.207308914,65.5941914873,64.7275545007,9.57913440764,74.6016876758,11.00268348,3.92095669945e-15,0.0,17.6737128867,14.1048634142
940,916.42,45.014,82.8,3.0646078,129.8,4.809421,0.0,0.0,57.71,41.8
941,920.340772148,74.1412384701,56.1128185681,4.80740022187,72.7405921325,5.68945713261,0.0,0.0,14.6374926666,17.4771402201
942,917.01,74.84,254.9,0.8276678,221.0,1.2974252,0.0,0.0,30.45,47.77
943,925.31,57.398,184.9,2.9751302,205.6,3.8475368,0.0,0.0,19.28,43.96
944,912.89,45.32,213.4,21.25093,220.5,23.5773476,0.0,0.0,84.09,63.36
945,914.54,67.658,170.2,8.2543086,184.3,10.849159,0.0,0.0,35.05,48.76
946,914.560033969,77.4079535587,224.650859739,1.58218989455,125.764360007,2.29839768397,0.0,0.0,20.0739163078,21.5434281235
947,922.6,59.324,165.3,1.8342908,196.2,2.5948504,4.54747350886e-14,0.0,10.94,15.52
948,916.2,63.014,63.4,5.1673314,70.4,6.0173686,0.0,0.0,36.64,58.37
949,919.703750297,77.2429456777,95.2164522332,1.48013705953,82.5690929946,2.10648025953,0.0,0.0,11.8731852097,16.9603442938
950,924.51,71.906,196.7,6.6437118,217.9,8.276678,0.0,0.0,15.81,18.04
951,917.401855012,83.7107403229,111.206367829,2.25822900622,57.7255743927,2.94070444279,0.0,0.0,10.4451055204,17.1750492337
952,920.9,60.314,214.5,2.3040482,239.3,2.8856526,0.0,0.0,62.44,55.78
953,917.65,84.272,204.0,1.0513618,242.5,1.6105968,0.0,0.0,16.68,24.17
954,918.7,68.144,55.9,4.697574,62.2,5.3015478,0.0,0.0,31.01,40.57
955,921.16,57.2,188.6,3.0869772,199.5,4.6304658,3.06954461848e-13,0.0,28.43,26.07
956,919.46,71.816,56.7,8.8135436,74.6,11.1623306,0.0,0.0,10.4,16.43
957,923.7092703,71.2944530388,40.1510691849,4.91668143,64.9042767394,6.77322902771,1.50195320304e-13,0.0,16.3328427047,15.7500879929
958,913.17,43.628,194.4,13.980875,201.0,15.4125166,0.0,0.0,90.36,87.97
959,918.6,56.948,157.0,1.5434886,160.0,2.348787,0.0,0.0,64.72,57.97
960,920.81,59.072,181.6,9.0148682,186.3,9.9096442,0.0,0.0,20.05,19.47
961,919.3,64.22,182.2,10.7596814,186.5,11.7886738,0.0,0.0,34.63,61.32
962,919.363379247,67.4368966154,142.539718213,1.12306994829,124.373041037,1.78658924932,5.37509472892e-16,0.0,16.7964054716,18.7696923658
963,916.891415298,79.9170081154,98.4670155904,1.10192352545,96.3054155068,1.50355405212,0.0,0.0,13.2807384465,17.4379815563
964,920.67,66.056,137.5,1.8342908,46.8,2.4382646,4.54747350886e-14,0.0,12.57,17.76
965,922.73,72.23,67.9,6.5318648,92.2,8.3214168,0.0,0.0,13.07,13.21
966,921.02,73.706,70.9,4.1159696,78.0,4.7423128,3.06954461848e-13,0.0,9.35,17.39
967,919.18,49.118,194.7,3.5119958,207.5,4.250186,0.0,0.0,90.58,79.78
968,923.6,51.98,307.4,2.9527608,282.9,3.579104,0.0,0.0,26.22,38.85
969,913.06,64.814,139.9,1.1855782,184.0,1.9461378,0.0,0.0,60.8,73.05
970,916.924672055,79.3361443463,151.435519635,2.404306249,67.9975000211,3.42428502045,0.0,0.0,26.3190450353,18.8776483831
971,922.501051041,60.5579573085,138.179465856,3.07379452983,144.12241936,4.80829987563,3.94161998374e-14,0.0,19.4296559147,19.4707525487
972,919.11,58.46,38.0,,60.1,2.8185444,0.0,0.0,32.7,35.7
973,915.85,72.338,178.7,3.1093466,191.2,3.6685816,0.0,0.0,18.51,45.22
974,923.02,60.494,274.7,1.9237684,233.3,2.4382646,0.0,0.0,7.81,23.03
975,927.28,41.0,48.6,4.2054472,74.8,5.4133948,0.0,0.0,25.64,35.64
976,917.8,75.902,161.9,8.7464354,183.5,12.5939722,0.0,0.0,42.09,54.07
977,910.57,46.562,181.0,15.65858,190.8,18.8126654,0.0,0.0,89.88,81.53
978,921.22,57.524,56.0,17.9402588,78.1,23.711564,4.54747350886e-14,0.0,8.62,7.91
979,922.139960542,64.1779535193,195.072847694,4.15900004027,101.518824862,6.4845634604,0.0,0.0,19.2796195526,16.9340932772
980,916.87,58.64,99.1,5.4357642,129.1,7.0016222,0.0,0.0,32.98,45.08
981,920.062834644,63.2010256233,49.6559512889,21.2665201721,60.7063816081,25.2027112336,0.0,0.0,12.5200979685,8.44846548685
982,923.04,60.638,51.0,17.0678522,63.7,22.1009672,0.0,0.0,8.9,14.46
983,,46.562,168.0,7.0239916,182.9,9.4622562,0.0,0.0,85.63,70.18
984,912.19,38.786,246.2,12.9518826,261.6,16.3744008,65.534,13097.0,91.14,83.4
985,917.43,42.89,170.0,9.1043458,186.2,11.2294388,0.0,0.0,82.88,90.65
986,920.71,48.038,199.3,2.5053728,216.2,3.0422384,0.0,0.0,74.76,63.64
987,917.2,65.264,137.6,1.7671826,176.7,2.5501116,0.0,0.0,58.37,65.59
988,914.97,48.92,155.6,2.1027236,160.7,2.8632832,0.0,0.0,82.95,60.2
989,925.042287955,67.3606924784,52.8443990178,13.0525733658,77.46338604,17.4181387695,0.0,0.0,12.4940251982,11.6111865311
990,921.32,60.674,110.0,4.0936002,54.0,4.8988986,0.0,0.0,23.77,23.88
991,914.83,74.57,175.5,1.4092722,153.8,2.23694,0.0,0.0,47.51,53.84
992,917.85,53.312,178.4,1.7000744,197.3,2.7066974,4.54747350886e-14,0.0,38.36,66.14
993,916.28,55.544,174.6,2.5948504,191.7,3.3777794,0.0,0.0,79.92,61.84
994,915.89,82.4,210.7,0.9171454,220.5,1.4316416,0.0,0.0,22.98,45.72
995,918.6,72.824,186.2,6.3081708,191.8,7.0016222,0.0,0.0,22.5,51.1
996,917.871381921,80.8852075251,121.988858653,1.79450606867,84.409394226,2.52120617582,0.0,0.0,15.903069359,19.3584078062
997,920.482398794,71.8830966074,51.9617887023,18.9540646995,72.4349581677,23.6280870682,,0.0,9.34052850383,5.32073169465
998,917.16,90.266,331.8,2.8185444,249.9,4.2949248,0.0,0.0,20.71,31.31
999,921.872299826,60.2411130269,48.5086242042,14.958008991,63.8238193393,18.4332583559,0.0,0.0,18.0738192253,15.2371663003
1000,918.41179966,64.0430756094,71.4015057613,6.649264973,82.3371849607,8.07553352179,0.0,0.0,8.7983823165,18.4032039663
1001,914.9,64.688,174.6,5.6594582,184.5,6.8674058,0.0,0.0,43.37,49.39
1002,920.43171866,77.0215745951,39.5383603899,3.81846253164,63.6776231059,5.06028813203,0.0,0.0,26.1563899269,22.0164913425
1003,920.362997701,55.4090631727,56.0734579832,4.22664664881,68.7823964246,5.12212989887,7.89551167427e-14,0.0,19.1917876883,23.3608118519
1004,920.204050771,64.6281054927,121.319370406,3.68589316925,48.9798272493,4.66285768746,0.0,0.0,24.2912026486,22.3835408616
1005,916.83,80.798,193.8,1.9461378,218.7,2.684328,0.0,0.0,44.38,36.55
1006,920.02,81.644,209.2,1.901399,70.4,2.8856526,0.0,0.0,29.46,30.78
1007,916.134145166,81.8816416579,181.767036432,3.54718701409,208.815312236,5.05808435942,0.0,0.0,21.1198167686,14.9567784219
1008,921.46439579,62.2129610959,61.7731817453,8.79124986698,78.7229656115,11.1659712441,0.0,0.0,19.4766829503,19.4732211955
1009,924.580434032,68.3922214267,56.3702686867,14.4539743215,77.6087392395,18.9705919725,0.0,0.0,10.6227192535,9.04057870974
1010,917.7,66.254,169.8,,207.6,7.6727042,0.0,0.0,15.71,30.73
1011,919.4,77.738,200.2,0.9842536,254.4,1.7000744,0.0,0.0,13.3,24.01
1012,919.694248779,67.2954441842,171.057692235,2.49632693436,193.617110025,3.19670143123,2.10046856388e-14,0.0,12.2206829458,13.8088353918
1013,913.7,98.906,192.7,2.125093,53.4,3.35541,0.0,0.0,11.49,30.02
1014,923.302749207,68.5386321159,154.393977946,2.83341689062,178.577295658,3.99247422187,0.0,0.0,20.6294426604,17.7509774868
1015,916.32,63.032,68.9,3.9593838,79.3,4.6528352,0.0,0.0,37.05,37.95
1016,918.18,60.152,187.6,10.6030956,193.7,11.743935,0.0,0.0,16.28,48.51
1017,913.18,65.3,98.0,3.1093466,130.2,4.1830778,0.0,0.0,54.63,57.61
1018,921.31,61.34,48.1,7.7845512,55.8,9.1043458,0.0,0.0,35.42,36.21
1019,918.94,68.81,248.2,3.35541,59.7,4.5409882,0.0,0.0,25.98,39.98
1020,916.0,61.016,180.6,5.9055216,194.8,6.934514,0.0,0.0,50.77,38.36
1021,917.0,86.504,140.9,1.677705,107.4,2.5053728,0.0,0.0,31.73,28.75
1022,921.707238499,48.1666592329,44.0971153974,12.771019733,66.4870327181,16.8975428337,3.90875127362e-14,0.0,33.1080337791,16.6498067978
1023,918.537572006,63.1796595326,246.867869624,1.90954233836,264.615732852,2.51771349843,0.0,0.0,18.4638445902,19.1399454102
1024,923.087790958,68.1023235174,227.145256463,2.46110594395,252.623193696,3.2642852353,0.0,0.0,10.0733659615,12.1147338586
1025,918.0,66.866,198.4,2.684328,210.8,3.2659324,0.0,0.0,62.27,70.44
1026,920.31,83.138,53.2,14.1598302,74.5,17.7389342,0.0,0.0,26.39,13.17
1027,916.23,41.648,266.2,4.250186,230.4,6.263432,0.0,0.0,92.24,60.8
1028,921.5,54.536,220.0,5.0107456,234.9,6.4423872,0.0,0.0,82.28,83.84
1029,919.048332071,75.9813608455,165.655111698,1.24245599203,198.423059445,1.74500236421,0.0,0.0,19.5733282842,22.6778019669
1030,921.9,65.876,199.0,4.4962494,207.2,5.3239172,0.0,0.0,10.35,15.37
1031,916.55,57.956,174.4,3.131716,195.0,4.0712308,0.0,0.0,60.46,47.16
1032,916.18,67.748,51.5,2.9527608,66.2,3.5567346,0.0,0.0,26.75,37.42
1033,922.16,60.152,50.2,9.0148682,61.1,10.849159,0.0,0.0,30.32,28.89
1034,920.548292277,52.0427677499,35.118997995,9.99087336407,60.9926529979,13.7458656081,0.0,0.0,39.7387932798,13.5895649764
1035,921.689846849,58.5575168335,48.6954788625,14.1139767989,63.7919542658,17.4587077746,0.0,0.0,17.8921755962,17.3129896226
1036,916.82,50.288,73.7,2.684328,90.4,3.4225182,0.0,0.0,58.73,63.44
1037,920.707950462,65.4799605989,64.4925115204,9.70794978348,74.3313882485,11.181447675,9.26521533048e-15,0.0,17.0790541466,14.3704619819
1038,915.21,76.064,123.5,2.3711564,136.0,3.2211936,0.0,0.0,18.57,35.24
1039,921.4,63.05,223.2,1.3197946,185.0,1.8790296,0.0,0.0,40.7,36.12
1040,921.418844124,62.6182423864,65.0059140374,8.70728956316,80.2354842247,11.0831666019,0.0,0.0,17.0798782586,18.3881719251
1041,915.83781773,86.660040587,225.164791649,1.67753776636,119.4098611,2.53901051682,0.0,0.0,10.2589249001,16.1655001699
1042,920.44703606,81.9270253705,57.3854475449,9.85591587217,75.9814424111,12.4203032687,0.0,0.0,12.2694270098,9.31853192008
1043,919.09,76.766,166.2,1.2974252,199.0,1.8119214,0.0,0.0,19.74,23.29
1044,917.3,85.082,149.7,2.013246,71.0,2.8632832,0.0,0.0,32.02,29.84
1045,914.06,54.23,64.1,7.4042714,87.1,9.730689,0.0,0.0,25.6,74.04
1046,921.97,66.848,197.2,2.1474624,197.5,2.9751302,0.0,0.0,26.94,65.22
1047,916.5,79.772,134.8,1.677705,54.9,2.2593094,0.0,0.0,21.14,46.87
1048,922.12,55.58,51.9,14.2940466,72.2,19.01399,0.0,0.0,19.19,17.75
1049,916.648945066,60.1583538509,46.1621028684,7.87026325887,64.7363173553,10.0496325793,0.0,0.0,28.0498999317,14.7854625577
1050,921.36,47.048,46.0,11.9452596,67.7,15.6362106,3.06954461848e-13,0.0,22.52,21.69
1051,917.356072249,74.7173859491,145.705460444,1.8864256818,146.027791365,2.72257202595,1.21585618771e-14,0.0,19.4224006738,20.1001675817
1052,922.17,64.112,68.8,6.1068462,93.0,8.6569578,0.0,0.0,9.71,11.68
1053,918.7,76.226,184.6,4.0936002,194.9,4.7423128,0.0,0.0,19.17,31.97
1054,915.14,59.81,168.8,6.4423872,176.5,7.5161184,0.0,0.0,41.07,39.39
1055,920.775315769,69.4672357053,79.8851278009,2.20723611102,89.6586551316,2.92569936788,0.0,0.0,16.3428320883,17.3114463233
1056,912.65,68.27,123.2,1.677705,175.3,2.684328,0.0,0.0,53.18,59.96
1057,925.28,66.47,49.4,11.2294388,77.9,15.3454084,0.0,0.0,13.93,13.77
1058,921.86,38.588,209.9,3.579104,172.2,4.3396636,0.0,0.0,81.82,63.97
1059,921.3626812,61.9572479645,64.9195095378,7.80852974492,79.717057227,9.87032405147,0.0,0.0,18.2139373159,18.5609809243
1060,924.932437275,68.7016989219,64.0792861401,7.91169865771,72.3612604541,9.30464480397,4.54747350886e-14,0.0,13.1748655913,18.5424462349
1061,915.3,66.56,147.8,2.2816788,178.8,2.9974996,0.0,0.0,55.29,57.43
1062,918.45,80.294,269.1,3.2211936,75.2,4.7646822,0.0,0.0,13.97,27.89
1063,918.38,64.166,195.8,5.0107456,205.0,5.9502604,0.0,0.0,16.3,56.45
1064,918.318648482,73.0082164637,184.265765005,1.91651314537,186.573873464,2.66296587073,0.0,0.0,9.05054132158,16.2516223412
1065,920.8,57.542,211.5,7.0910998,223.7,8.500372,0.0,0.0,73.17,77.96
1066,925.29,68.36,39.9,14.0703526,55.9,19.5284862,0.0,0.0,13.99,12.28
1067,921.417882631,45.7977351762,48.0902061098,15.6785987924,67.7964710512,20.2039762785,2.08247063144e-13,0.0,21.5102696639,20.6256027349
1068,915.2,59.972,168.0,1.9908766,186.2,2.460634,0.0,0.0,35.92,46.69
1069,911.6,42.638,292.8,1.9685072,247.0,2.6619586,0.0,0.0,90.23,82.03
1070,917.2,75.506,177.6,7.4042714,182.9,8.2095698,0.0,0.0,14.35,22.4
1071,916.54,80.384,99.3,1.0961006,96.8,1.4763804,0.0,0.0,13.22,17.51
1072,913.34,46.094,111.8,2.0803542,121.6,2.9751302,0.0,0.0,75.9,41.55
1073,916.45,74.318,129.3,1.0513618,102.2,1.7671826,0.0,0.0,24.75,41.16
1074,920.158763848,70.4509923281,47.3225063675,20.3659370516,66.1206308369,25.8596366681,0.0,5217.42117113,14.4363683141,8.64424554273
1075,913.28,81.464,30.0,3.1988242,50.0,4.3172942,0.0,0.0,28.01,49.72
1076,913.2,39.02,185.8,8.8135436,200.8,11.072853,0.0,0.0,91.42,76.7
1077,917.24173937,74.9492705979,72.7763291312,4.69246717439,98.701772175,6.4606308299,0.0,0.0,9.01595382032,9.30893669503
1078,915.31,58.064,148.7,2.460634,177.7,3.7133204,0.0,0.0,64.46,51.68
1079,917.4,61.916,251.8,1.7671826,267.4,2.3264176,0.0,0.0,20.56,20.9
1080,921.55,45.338,183.5,7.0239916,193.2,8.2990474,0.0,0.0,91.1,78.82
1081,922.89,63.176,183.6,4.4067718,198.5,5.7265664,1.25055521494e-13,0.0,31.74,58.81
1082,918.794147083,54.1429209291,47.6036580734,7.31954755664,64.2394746837,9.0658114527,4.78755139972e-14,0.0,24.0054937943,22.677515761
1083,922.9,71.078,151.8,3.1540854,182.4,4.3844024,0.0,0.0,23.79,19.23
1084,920.57,73.022,262.2,1.7671826,96.5,3.3777794,0.0,0.0,25.82,27.41
1085,919.71,70.286,149.3,2.796175,233.4,5.144962,0.0,0.0,12.21,8.45
1086,913.84,54.572,173.0,3.019869,193.0,4.026492,0.0,0.0,88.59,53.49
1087,912.2,83.93,81.4,2.6395892,44.5,3.802798,0.0,0.0,21.2,30.79
1088,919.0,68.162,98.6,1.7224438,126.4,2.3040482,0.0,0.0,34.63,55.07
1089,912.56,55.472,139.0,3.131716,161.3,4.0041226,0.0,0.0,86.27,69.9
1090,917.8,66.002,157.0,2.2816788,180.9,3.3106712,0.0,0.0,32.06,52.51
1091,916.16,48.128,183.1,12.8176662,193.5,14.987498,0.0,0.0,91.49,76.72
1092,917.61,73.022,42.3,4.3396636,64.2,5.59235,0.0,0.0,6.09,19.23
1093,917.1,53.06,226.1,2.1474624,245.5,2.8856526,0.0,0.0,90.78,60.19
1094,921.65,62.87,56.7,10.7149426,77.3,13.7124422,0.0,0.0,21.11,20.89
